g_id1,g_id2,cell,label
192,115,MDAMB468,1
16,50,BT549,0
162,93,BT549,0
55,10,BT549,0
24,20,BT549,0
59,89,BT549,0
139,30,BT549,0
155,53,BT549,0
28,19,BT549,0
66,177,BT549,0
78,25,BT549,0
55,4,BT549,0
57,100,MDAMB468,1
90,93,BT549,0
16,75,BT549,0
176,164,BT549,1
55,68,BT549,1
155,59,BT549,0
61,79,BT549,1
113,154,BT549,0
78,50,BT549,1
48,86,BT549,0
91,89,BT549,0
31,84,BT549,0
18,64,BT549,1
116,154,BT549,0
162,92,BT549,1
185,163,BT549,1
33,112,BT549,0
111,18,BT549,0
97,8,BT549,0
21,112,BT549,0
82,50,BT549,0
123,170,MDAMB468,0
31,111,BT549,0
44,37,BT549,0
0,37,BT549,0
61,27,BT549,0
30,40,BT549,0
52,8,BT549,1
59,63,BT549,0
49,36,BT549,0
72,115,MDAMB468,0
194,112,BT549,0
41,27,BT549,1
139,116,BT549,0
104,191,ZR751,0
41,81,BT549,1
67,116,BT549,0
127,141,KPL1,0
104,156,ZR751,1
121,29,BT549,0
175,134,KPL1,0
95,100,MDAMB468,0
161,65,BT549,0
55,112,BT549,0
98,7,BT549,0
90,193,BT549,0
52,58,BT549,0
39,139,BT549,0
44,62,BT549,0
121,4,BT549,0
155,63,BT549,0
97,139,BT549,0
21,45,BT549,0
194,8,BT549,0
62,40,BT549,0
136,79,BT549,0
33,194,BT549,1
186,175,BT549,1
65,48,BT549,1
24,51,BT549,0
28,35,BT549,0
36,59,BT549,0
91,64,HS578T,0
73,18,BT549,0
36,77,BT549,0
9,45,BT549,0
162,97,BT549,0
21,20,BT549,0
67,68,BT549,1
39,109,BT549,1
15,194,BT549,0
18,84,BT549,0
82,30,BT549,1
124,146,KPL1,0
181,164,BT549,1
162,3,BT549,0
153,114,KPL1,0
7,89,BT549,1
33,19,BT549,0
179,176,BT549,0
29,62,BT549,0
81,34,BT549,1
109,51,BT549,0
68,86,BT549,1
65,135,KPL1,0
108,109,BT549,1
92,77,BT549,0
15,13,BT549,0
73,7,BT549,0
78,84,BT549,0
60,75,BT549,0
127,62,KPL1,1
60,81,BT549,0
28,92,BT549,0
120,132,MDAMB468,1
92,51,BT549,0
96,102,HUH7,1
193,97,BT549,0
104,18,BT549,1
37,194,BT549,0
0,112,BT549,0
136,44,BT549,1
78,53,BT549,1
184,170,MDAMB468,0
44,79,BT549,0
136,165,BT549,1
21,87,BT549,0
108,27,BT549,0
48,44,BT549,0
0,2,BT549,1
33,23,BT549,0
33,103,BT549,0
9,112,BT549,0
81,40,BT549,0
55,109,BT549,0
133,71,KPL1,0
94,53,BT549,0
157,181,BT549,1
116,63,BT549,0
65,70,KPL1,0
59,41,BT549,0
153,42,KPL1,0
44,5,BT549,0
44,105,BT549,0
59,53,BT549,0
60,23,BT549,0
192,170,MDAMB468,0
48,15,BT549,0
124,142,KPL1,1
49,105,BT549,0
65,39,BT549,0
31,46,BT549,0
9,81,BT549,0
49,58,BT549,0
15,5,BT549,0
161,92,BT549,1
78,193,BT549,0
28,43,BT549,0
3,76,BT549,0
60,62,BT549,1
87,93,BT549,0
7,5,BT549,0
103,19,BT549,1
10,31,BT549,0
162,7,BT549,0
16,3,BT549,0
29,63,BT549,0
49,77,BT549,0
3,41,BT549,0
195,7,BT549,0
59,62,BT549,0
52,34,BT549,1
175,191,KPL1,1
98,51,BT549,0
104,78,BT549,1
0,79,BT549,1
104,15,BT549,0
80,7,BT549,1
78,41,BT549,0
39,3,BT549,0
69,89,BT549,1
3,68,BT549,0
59,82,BT549,0
123,119,MDAMB468,1
113,98,BT549,1
59,7,BT549,1
45,112,BT549,0
49,60,BT549,0
93,7,BT549,0
109,83,BT549,1
161,34,BT549,0
65,5,BT549,1
139,31,BT549,0
92,53,MCF7,0
33,34,BT549,0
62,68,BT549,0
82,63,BT549,1
60,105,BT549,0
97,108,BT549,0
124,149,A549,1
48,60,BT549,0
35,31,BT549,0
82,2,BT549,1
25,105,BT549,1
117,132,MDAMB468,0
162,47,BT549,0
68,37,BT549,0
35,87,BT549,0
133,70,KPL1,1
45,4,BT549,1
28,87,BT549,0
113,109,BT549,0
67,4,BT549,1
9,89,BT549,0
27,46,BT549,0
41,69,BT549,1
121,73,BT549,1
29,13,BT549,0
0,24,BT549,0
18,53,BT549,0
67,112,BT549,0
41,30,BT549,0
16,66,BT549,0
162,22,BT549,0
64,75,BT549,0
65,134,KPL1,0
133,142,KPL1,1
62,46,BT549,0
65,25,BT549,1
48,177,BT549,0
21,64,BT549,1
58,4,BT549,0
73,46,BT549,0
89,19,BT549,0
31,82,BT549,0
188,102,HUH7,0
162,37,BT549,0
27,154,BT549,1
44,64,BT549,0
55,49,BT549,0
39,43,BT549,0
28,8,BT549,1
103,109,BT549,1
105,107,BT549,0
18,27,BT549,1
93,46,BT549,0
60,177,BT549,0
28,37,BT549,0
0,40,BT549,0
47,109,BT549,0
31,64,BT549,0
31,47,BT549,0
34,86,BT549,1
3,177,BT549,0
52,13,BT549,0
25,97,BT549,0
110,120,MDAMB468,0
59,73,BT549,1
97,49,BT549,0
194,86,BT549,0
65,97,BT549,0
41,51,BT549,0
98,2,BT549,0
84,112,BT549,0
3,63,BT549,0
21,107,BT549,0
68,7,BT549,1
108,83,BT549,0
121,79,BT549,0
80,20,BT549,0
105,63,BT549,0
161,60,BT549,1
0,103,BT549,0
108,50,BT549,0
161,47,BT549,0
84,82,BT549,0
65,99,KPL1,1
2,111,BT549,0
78,29,BT549,0
7,177,BT549,0
111,112,BT549,1
161,94,BT549,0
73,94,BT549,0
195,193,BT549,0
67,161,BT549,1
96,56,HUH7,0
97,21,BT549,0
139,0,BT549,0
2,107,BT549,0
113,22,BT549,1
82,109,BT549,1
93,154,BT549,0
30,43,BT549,0
67,121,BT549,0
97,73,BT549,1
78,45,BT549,0
84,5,BT549,0
133,175,BT549,0
50,46,BT549,0
92,2,BT549,1
99,151,KPL1,0
0,23,BT549,0
119,72,MDAMB468,0
87,73,BT549,0
66,0,BT549,0
47,30,BT549,0
31,29,BT549,0
82,4,BT549,0
183,151,KPL1,1
3,75,BT549,1
161,75,BT549,1
59,31,BT549,0
139,33,BT549,0
21,9,BT549,1
63,50,BT549,0
89,75,BT549,0
78,22,BT549,1
109,62,BT549,0
81,58,BT549,0
22,98,BT549,1
68,83,BT549,1
98,93,BT549,0
121,194,BT549,0
82,7,BT549,0
105,8,BT549,0
155,89,BT549,0
15,62,BT549,0
93,105,BT549,0
35,34,BT549,0
124,164,KPL1,0
111,46,BT549,1
104,11,ZR751,1
62,61,BT549,1
67,91,BT549,1
133,74,KPL1,0
136,51,BT549,0
161,32,BT549,1
97,86,BT549,0
90,21,BT549,0
10,47,BT549,0
82,79,BT549,0
41,49,BT549,0
25,7,BT549,0
15,63,BT549,0
65,53,BT549,1
55,15,BT549,0
48,109,BT549,0
80,103,BT549,0
104,37,BT549,0
16,79,BT549,0
175,151,BT549,1
124,150,KPL1,0
22,19,BT549,0
16,77,BT549,0
10,139,BT549,0
28,9,BT549,1
97,66,BT549,0
3,80,BT549,0
21,194,BT549,1
153,147,KPL1,1
39,112,BT549,0
11,151,KPL1,0
69,103,BT549,0
59,13,BT549,1
91,105,BT549,0
98,29,BT549,0
68,154,BT549,0
76,40,BT549,0
81,63,BT549,0
175,83,KPL1,0
121,86,BT549,0
127,114,KPL1,0
84,40,BT549,0
155,92,BT549,1
18,62,BT549,0
49,194,BT549,0
55,33,BT549,0
63,37,BT549,0
78,76,BT549,0
55,62,BT549,0
175,129,KPL1,0
16,80,BT549,0
188,125,HUH7,0
124,174,KPL1,1
133,83,KPL1,0
65,93,BT549,0
136,8,BT549,0
22,68,BT549,0
52,25,BT549,0
162,90,BT549,0
5,40,BT549,0
43,23,BT549,0
59,79,BT549,0
82,5,BT549,0
25,2,BT549,0
16,87,BT549,0
136,28,BT549,1
18,24,BT549,0
63,20,BT549,0
162,49,BT549,0
115,110,MDAMB468,1
28,112,BT549,0
183,158,A549,1
60,34,BT549,0
127,142,KPL1,0
78,92,BT549,1
162,35,BT549,0
104,63,BT549,0
72,123,MDAMB468,0
25,50,BT549,0
104,76,BT549,0
49,4,BT549,0
39,21,BT549,0
61,34,BT549,0
91,69,BT549,1
82,51,BT549,0
49,109,BT549,0
65,32,BT549,0
52,107,BT549,0
152,161,MDAMB468,0
175,153,MCF7,0
162,8,BT549,0
41,60,BT549,0
153,99,KPL1,0
111,107,BT549,0
113,0,BT549,0
65,74,KPL1,1
90,5,BT549,0
161,16,BT549,0
136,82,BT549,0
118,168,MDAMB468,0
145,174,KPL1,1
5,177,BT549,0
104,89,BT549,0
103,23,BT549,0
59,4,BT549,1
63,68,BT549,0
162,193,BT549,0
62,45,BT549,0
163,30,KPL1,1
36,112,BT549,0
3,18,BT549,0
139,66,BT549,0
39,58,BT549,0
53,89,BT549,1
63,23,BT549,0
63,107,BT549,0
47,62,BT549,0
7,4,BT549,0
113,165,BT549,0
61,43,BT549,0
136,91,BT549,0
55,165,BT549,0
48,0,BT549,1
136,161,BT549,1
145,169,KPL1,1
92,41,BT549,1
10,13,BT549,0
22,29,BT549,0
90,24,BT549,0
153,129,KPL1,1
10,29,BT549,0
65,105,BT549,1
121,60,BT549,0
172,190,A549,1
66,9,BT549,0
84,109,BT549,0
153,191,KPL1,0
175,114,KPL1,0
175,181,BT549,1
105,43,BT549,0
162,15,BT549,0
65,146,KPL1,0
161,69,BT549,0
104,135,ZR751,0
44,112,BT549,0
10,75,BT549,1
36,18,BT549,0
157,163,BT549,1
117,161,MDAMB468,0
59,19,BT549,0
21,8,BT549,0
22,10,BT549,1
108,94,BT549,0
195,154,BT549,0
16,0,BT549,0
121,50,BT549,0
136,53,BT549,0
62,63,BT549,0
59,34,BT549,1
161,18,BT549,1
97,34,BT549,1
87,18,BT549,0
65,169,KPL1,0
112,83,BT549,0
153,164,BT549,1
110,95,MDAMB468,0
189,176,BT549,0
104,141,ZR751,0
145,62,KPL1,1
73,4,BT549,0
93,43,BT549,0
118,161,MDAMB468,0
139,177,BT549,0
73,112,BT549,1
41,91,BT549,0
161,23,BT549,1
121,109,BT549,0
48,23,BT549,0
89,86,BT549,1
2,177,BT549,0
87,107,BT549,0
78,52,BT549,1
162,108,BT549,1
52,32,BT549,1
30,77,BT549,0
136,34,BT549,0
43,86,BT549,0
136,64,BT549,0
15,82,BT549,0
183,163,KPL1,1
15,105,BT549,0
31,62,BT549,0
92,112,BT549,0
139,97,BT549,0
126,189,BT549,0
2,83,BT549,0
97,40,BT549,1
0,29,BT549,0
117,170,MDAMB468,0
5,19,BT549,0
111,50,BT549,0
145,99,KPL1,1
10,77,BT549,0
21,76,BT549,0
186,176,BT549,1
55,103,BT549,1
80,83,BT549,0
161,29,BT549,0
113,65,BT549,1
30,68,BT549,1
24,62,BT549,0
9,69,BT549,1
33,20,BT549,0
92,0,BT549,0
65,87,BT549,0
30,53,BT549,0
121,5,BT549,0
89,4,BT549,1
62,81,BT549,0
28,107,BT549,0
30,27,BT549,0
28,41,BT549,0
98,84,BT549,1
139,73,BT549,1
33,68,BT549,0
21,69,BT549,0
0,50,BT549,0
57,110,MDAMB468,0
2,5,BT549,1
53,154,BT549,0
94,37,BT549,0
39,108,BT549,0
80,43,BT549,0
21,13,BT549,0
59,47,BT549,0
55,3,BT549,0
105,40,BT549,1
36,5,BT549,1
97,58,BT549,0
0,108,BT549,0
136,113,BT549,0
97,98,BT549,0
72,95,MDAMB468,0
21,91,BT549,0
41,36,BT549,0
15,73,BT549,0
92,66,BT549,0
78,112,BT549,1
103,7,BT549,0
59,81,BT549,0
77,13,HS578T,1
108,46,BT549,0
69,37,MCF7,0
65,148,KPL1,0
81,50,BT549,0
139,67,BT549,1
84,43,BT549,0
193,32,BT549,0
39,61,BT549,0
59,48,BT549,1
113,64,BT549,0
76,8,BT549,0
195,15,BT549,0
155,0,BT549,0
124,62,KPL1,0
22,79,BT549,0
72,132,MDAMB468,0
77,40,BT549,0
59,98,BT549,1
60,50,BT549,0
162,27,BT549,0
100,170,MDAMB468,0
16,21,BT549,0
2,53,BT549,1
25,111,BT549,1
22,5,BT549,1
161,4,BT549,0
61,19,BT549,0
10,19,BT549,0
58,46,BT549,0
161,67,BT549,1
37,64,BT549,0
103,53,BT549,0
16,92,HS578T,1
162,177,BT549,0
45,86,BT549,0
104,74,ZR751,0
22,194,BT549,0
87,177,BT549,1
78,23,BT549,1
78,16,BT549,1
48,2,BT549,1
69,4,BT549,0
9,53,BT549,0
155,91,BT549,1
155,32,BT549,1
79,68,BT549,0
116,50,BT549,0
15,20,BT549,0
136,112,BT549,0
66,46,BT549,0
111,83,BT549,1
36,73,BT549,1
22,31,BT549,1
25,40,BT549,1
139,47,BT549,0
97,89,BT549,1
28,73,BT549,0
104,138,ZR751,0
60,45,BT549,0
181,151,BT549,0
93,84,BT549,0
113,82,BT549,0
37,89,BT549,1
123,168,MDAMB468,0
73,24,BT549,0
16,177,BT549,0
9,33,BT549,0
133,30,KPL1,0
136,43,BT549,0
79,43,BT549,0
118,117,MDAMB468,0
77,45,BT549,0
9,105,BT549,0
47,32,BT549,0
163,143,KPL1,0
10,18,BT549,0
28,91,BT549,1
10,7,BT549,0
78,33,BT549,1
193,34,BT549,0
87,89,BT549,0
45,83,BT549,0
75,46,BT549,0
127,150,KPL1,0
73,8,BT549,0
3,45,BT549,0
113,24,BT549,1
52,86,BT549,1
195,37,BT549,0
7,23,BT549,0
133,139,KPL1,0
3,97,BT549,0
123,95,MDAMB468,0
155,90,BT549,0
195,25,BT549,0
154,89,BT549,0
123,100,MDAMB468,0
161,53,BT549,0
77,79,HS578T,1
97,76,BT549,0
13,83,BT549,0
195,8,BT549,0
133,140,KPL1,1
139,165,BT549,1
84,89,BT549,0
89,154,BT549,1
93,79,BT549,1
10,86,BT549,0
139,77,BT549,0
78,105,BT549,0
49,53,BT549,0
10,69,BT549,0
16,5,BT549,0
155,193,BT549,0
31,105,BT549,0
91,50,BT549,0
3,93,BT549,0
65,73,BT549,1
79,82,BT549,0
67,58,BT549,1
52,16,BT549,0
55,194,BT549,0
36,4,BT549,0
4,19,BT549,0
52,177,BT549,0
35,69,BT549,0
139,65,BT549,1
16,81,BT549,0
104,61,BT549,0
55,23,BT549,0
94,112,BT549,0
8,46,BT549,0
162,24,BT549,0
29,84,BT549,0
82,68,HS578T,0
98,177,BT549,0
9,37,BT549,0
2,86,BT549,0
31,27,BT549,0
163,134,KPL1,1
10,89,BT549,0
97,2,BT549,0
44,93,BT549,0
116,0,BT549,1
161,91,BT549,1
162,33,BT549,0
105,89,BT549,1
163,160,KPL1,0
36,75,BT549,0
41,45,BT549,0
121,15,BT549,0
63,18,BT549,0
68,194,BT549,1
161,84,BT549,0
2,68,HS578T,0
113,61,BT549,0
82,91,BT549,0
25,112,BT549,1
124,74,KPL1,0
97,165,BT549,0
21,92,BT549,1
36,66,BT549,0
33,36,BT549,0
163,129,KPL1,0
91,66,BT549,0
39,40,BT549,0
91,24,UO31,0
67,81,BT549,0
79,2,BT549,1
22,60,BT549,0
20,86,BT549,0
47,60,BT549,0
31,8,BT549,0
133,99,KPL1,0
9,20,BT549,1
79,5,BT549,1
94,7,BT549,0
50,19,BT549,0
68,20,BT549,0
98,45,BT549,0
108,19,BT549,0
36,194,BT549,0
161,77,BT549,0
25,87,BT549,0
98,30,BT549,1
49,27,BT549,0
116,8,BT549,0
22,94,BT549,0
105,37,BT549,0
155,66,BT549,0
81,82,BT549,0
48,61,BT549,0
110,168,MDAMB468,0
76,89,BT549,0
87,49,BT549,0
145,142,KPL1,0
104,26,ZR751,1
87,20,BT549,0
25,94,BT549,0
87,91,BT549,0
66,4,BT549,0
47,5,BT549,0
66,15,BT549,0
65,111,KPL1,1
55,29,BT549,0
31,81,BT549,0
104,60,BT549,1
195,55,BT549,1
109,154,BT549,1
16,139,BT549,0
109,19,BT549,0
139,19,BT549,0
162,10,BT549,0
52,3,BT549,0
41,18,BT549,0
153,175,BT549,1
49,45,HS578T,0
39,49,BT549,0
96,6,HUH7,1
124,158,KPL1,0
63,53,BT549,1
15,43,BT549,0
69,111,BT549,1
116,83,BT549,1
87,30,BT549,0
25,60,BT549,0
104,155,BT549,0
58,50,BT549,0
51,8,BT549,0
90,35,BT549,1
35,91,BT549,0
90,2,BT549,1
53,86,BT549,1
97,64,BT549,0
27,89,BT549,1
61,194,BT549,0
59,80,BT549,1
133,138,KPL1,0
2,62,BT549,0
133,158,KPL1,1
155,108,BT549,0
15,89,BT549,0
91,94,BT549,0
136,78,BT549,0
116,121,BT549,0
27,112,UO31,0
145,191,KPL1,0
195,81,BT549,0
161,116,BT549,0
87,108,BT549,0
80,62,BT549,0
95,168,MDAMB468,0
98,47,BT549,1
22,7,BT549,0
24,8,BT549,0
81,8,BT549,0
105,109,BT549,1
136,162,BT549,0
93,61,BT549,0
60,94,BT549,0
133,181,BT549,0
104,174,ZR751,1
41,194,BT549,0
113,9,BT549,0
41,8,BT549,0
65,128,KPL1,1
186,157,BT549,1
145,140,KPL1,0
21,29,BT549,0
5,69,BT549,0
36,52,BT549,0
161,43,BT549,1
15,40,BT549,0
81,27,BT549,1
47,194,BT549,0
39,53,BT549,0
81,4,BT549,0
41,177,BT549,0
97,29,BT549,0
136,108,BT549,0
159,152,MDAMB468,0
16,111,BT549,1
104,81,BT549,0
163,114,KPL1,0
27,86,BT549,1
193,50,BT549,0
35,0,BT549,0
5,53,BT549,0
2,20,BT549,0
28,49,BT549,1
195,86,BT549,0
113,104,BT549,1
97,24,BT549,0
117,95,MDAMB468,0
139,4,BT549,0
155,22,BT549,0
123,159,MDAMB468,0
39,89,BT549,1
25,55,BT549,0
33,63,BT549,1
116,93,BT549,0
39,51,BT549,1
25,77,BT549,0
119,184,MDAMB468,0
10,8,BT549,0
80,45,BT549,0
113,2,BT549,0
175,141,KPL1,0
55,18,BT549,0
113,73,BT549,1
24,53,BT549,0
113,92,BT549,1
35,19,BT549,0
27,194,BT549,1
3,86,BT549,0
44,58,BT549,0
153,140,KPL1,1
28,39,BT549,0
119,110,MDAMB468,1
43,89,BT549,1
162,19,BT549,0
133,144,BT549,0
82,62,BT549,0
80,84,BT549,0
81,83,BT549,0
193,87,BT549,0
65,107,BT549,0
21,79,BT549,0
104,142,ZR751,0
108,8,BT549,0
91,4,BT549,0
39,83,BT549,0
136,73,BT549,1
113,60,BT549,1
104,87,BT549,0
66,112,BT549,0
195,46,BT549,0
67,78,BT549,1
39,64,BT549,0
69,75,BT549,1
139,81,BT549,0
121,10,BT549,0
139,92,BT549,1
28,94,BT549,0
93,177,HS578T,0
163,62,KPL1,0
113,111,BT549,0
5,108,BT549,0
3,8,BT549,0
136,37,BT549,0
9,75,BT549,0
116,90,MCF7,1
10,83,BT549,0
79,46,HS578T,0
7,20,BT549,0
93,63,BT549,0
22,47,BT549,0
97,105,BT549,0
34,51,BT549,0
163,141,KPL1,1
41,7,BT549,0
93,109,BT549,0
65,21,BT549,0
90,98,BT549,0
21,50,BT549,1
69,30,BT549,1
127,157,KPL1,0
116,2,BT549,1
91,19,BT549,1
66,34,BT549,1
2,77,BT549,0
31,63,BT549,0
65,77,BT549,1
136,23,BT549,1
79,37,BT549,1
113,91,BT549,1
103,83,BT549,0
104,28,BT549,1
139,59,BT549,0
155,121,BT549,0
104,136,BT549,1
67,18,BT549,1
59,111,BT549,0
195,111,BT549,1
60,82,BT549,0
61,69,BT549,0
176,181,BT549,1
31,23,BT549,0
30,60,BT549,0
25,90,BT549,0
47,43,BT549,0
109,91,BT549,1
77,112,BT549,0
136,60,BT549,1
41,5,BT549,1
55,16,BT549,0
18,66,HS578T,0
27,8,BT549,0
25,13,BT549,0
35,177,BT549,0
124,129,KPL1,0
67,32,BT549,1
163,139,KPL1,0
104,25,BT549,0
108,5,BT549,0
108,79,BT549,0
69,83,HS578T,0
121,98,BT549,0
9,84,BT549,0
153,174,KPL1,0
62,27,BT549,0
3,4,BT549,0
116,80,BT549,0
0,73,BT549,0
73,32,BT549,0
9,13,BT549,0
195,20,BT549,0
52,37,BT549,0
113,45,BT549,0
35,40,BT549,0
175,135,KPL1,0
28,10,BT549,0
124,135,KPL1,0
65,147,KPL1,0
4,46,BT549,0
161,112,BT549,0
67,48,BT549,0
10,21,BT549,0
16,109,BT549,1
7,194,BT549,0
180,189,BT549,1
67,47,BT549,0
73,61,BT549,0
52,162,BT549,0
3,47,BT549,0
105,23,BT549,0
4,50,BT549,0
77,8,BT549,0
195,59,BT549,1
84,76,BT549,0
161,7,BT549,0
104,44,BT549,0
61,47,BT549,0
52,7,BT549,0
61,64,BT549,0
94,75,BT549,0
178,46,BT549,0
162,91,BT549,1
113,97,BT549,0
80,53,BT549,0
29,108,BT549,0
16,18,BT549,0
31,13,BT549,1
77,20,BT549,0
104,50,BT549,1
47,19,BT549,1
109,60,BT549,0
105,46,BT549,0
152,168,MDAMB468,0
193,49,BT549,0
111,34,BT549,0
23,4,BT549,0
13,50,BT549,0
44,10,BT549,0
44,94,BT549,0
5,23,BT549,0
136,154,BT549,0
51,112,BT549,0
162,63,BT549,0
111,37,BT549,0
189,157,BT549,0
15,47,BT549,0
195,108,BT549,1
65,4,BT549,0
162,73,BT549,1
94,20,BT549,0
159,132,MDAMB468,1
22,66,BT549,0
190,179,KPL1,0
94,8,BT549,0
84,75,BT549,0
16,89,BT549,0
15,109,BT549,1
47,13,BT549,0
80,29,BT549,0
92,62,BT549,1
18,86,BT549,0
81,194,BT549,1
15,50,BT549,1
64,177,BT549,0
30,76,BT549,0
28,136,BT549,1
121,58,BT549,0
50,83,BT549,0
29,194,BT549,0
76,154,BT549,0
0,31,BT549,0
28,21,BT549,1
21,4,BT549,0
136,116,BT549,0
63,30,BT549,0
55,69,BT549,0
9,83,BT549,0
35,93,BT549,0
60,112,BT549,0
81,91,BT549,0
25,59,BT549,0
104,109,BT549,0
163,183,A549,1
4,83,BT549,0
35,24,BT549,0
29,45,BT549,0
193,107,BT549,0
139,28,BT549,1
25,24,BT549,0
78,58,BT549,0
193,46,BT549,0
52,80,BT549,0
9,35,BT549,0
87,45,BT549,0
55,79,BT549,0
21,98,BT549,0
28,162,BT549,0
155,43,BT549,0
105,108,BT549,0
79,45,BT549,0
77,58,BT549,0
36,32,BT549,0
65,42,KPL1,1
40,53,BT549,0
57,159,MDAMB468,0
184,100,MDAMB468,0
60,51,BT549,1
41,62,BT549,0
116,104,BT549,0
67,44,BT549,0
33,30,BT549,1
172,1,A549,1
103,112,BT549,0
111,7,BT549,0
97,63,BT549,0
25,21,BT549,0
79,62,BT549,0
163,138,KPL1,1
32,8,BT549,0
133,173,KPL1,1
139,61,BT549,1
79,23,BT549,0
104,70,ZR751,1
161,98,BT549,0
121,9,BT549,0
44,41,BT549,0
90,51,BT549,0
78,107,BT549,0
5,37,BT549,0
47,50,BT549,0
98,63,BT549,1
63,77,BT549,0
0,20,BT549,0
68,43,BT549,0
188,96,HUH7,0
103,89,BT549,1
48,43,BT549,0
195,87,BT549,0
52,195,BT549,1
44,111,BT549,0
93,194,BT549,0
28,155,BT549,1
87,81,BT549,0
98,79,BT549,1
84,34,BT549,0
21,32,BT549,0
31,32,BT549,1
127,42,KPL1,0
90,31,BT549,0
36,79,BT549,1
31,91,BT549,0
16,32,BT549,0
124,71,KPL1,0
33,107,BT549,0
52,10,BT549,0
16,83,BT549,0
111,89,BT549,1
104,93,BT549,0
116,20,BT549,0
7,51,BT549,0
44,121,BT549,0
82,154,BT549,0
22,27,BT549,1
91,83,BT549,1
104,143,ZR751,0
99,163,KPL1,1
47,68,BT549,0
73,13,BT549,0
10,35,BT549,0
104,53,BT549,0
139,3,BT549,0
116,45,BT549,0
87,2,BT549,0
60,4,BT549,1
39,2,BT549,1
192,152,MDAMB468,1
162,50,BT549,0
48,34,BT549,1
161,177,BT549,0
44,77,BT549,0
72,159,MDAMB468,0
9,111,BT549,0
63,36,BT549,0
111,4,BT549,0
104,77,BT549,0
59,60,BT549,1
28,66,BT549,0
105,103,BT549,0
25,86,BT549,0
24,68,BT549,0
133,135,KPL1,1
5,2,BT549,0
5,45,HS578T,0
121,87,BT549,0
155,75,BT549,1
3,29,BT549,0
111,45,HS578T,1
22,8,BT549,0
16,82,BT549,0
111,8,BT549,1
18,4,BT549,0
67,93,BT549,0
77,53,BT549,0
99,164,KPL1,0
108,4,BT549,0
24,89,BT549,0
97,107,BT549,0
153,158,KPL1,1
65,142,KPL1,1
49,50,BT549,0
152,120,MDAMB468,1
67,104,BT549,1
93,24,BT549,0
136,21,BT549,1
116,69,BT549,0
124,26,KPL1,0
39,7,BT549,0
154,86,BT549,0
43,20,BT549,1
155,84,BT549,0
80,18,BT549,1
155,55,BT549,1
161,50,BT549,1
79,4,BT549,0
97,7,BT549,0
76,64,BT549,1
0,91,BT549,0
28,104,BT549,0
39,107,BT549,0
97,79,BT549,0
29,79,BT549,0
108,30,BT549,0
90,76,BT549,0
61,40,BT549,0
194,19,BT549,0
111,43,BT549,0
15,69,BT549,0
51,83,BT549,0
25,35,BT549,1
9,107,BT549,0
44,33,BT549,0
77,66,BT549,0
90,7,BT549,0
136,104,BT549,1
48,24,BT549,0
92,23,BT549,0
5,8,BT549,0
57,132,MDAMB468,0
28,108,BT549,0
16,93,BT549,0
43,75,BT549,0
121,33,BT549,0
15,86,BT549,0
155,34,BT549,0
78,18,BT549,1
113,32,BT549,1
10,91,BT549,0
113,20,BT549,1
172,48,A549,1
0,7,BT549,0
68,4,BT549,0
91,75,HS578T,0
153,142,KPL1,1
103,40,BT549,1
121,41,BT549,0
151,1,A549,0
188,56,HUH7,0
98,37,BT549,0
90,34,BT549,1
55,66,BT549,1
175,127,MCF7,0
77,24,BT549,1
80,47,MCF7,0
44,15,BT549,0
49,8,BT549,0
161,193,BT549,0
7,154,BT549,0
133,88,KPL1,0
139,44,BT549,0
65,47,BT549,0
93,8,BT549,0
31,79,BT549,0
111,51,BT549,1
80,93,BT549,0
52,60,BT549,0
48,4,BT549,0
195,77,BT549,1
0,32,BT549,0
77,68,BT549,0
39,105,BT549,0
161,64,BT549,0
139,112,BT549,0
175,133,MCF7,0
10,111,BT549,1
145,70,KPL1,0
104,33,BT549,1
121,92,BT549,1
98,103,BT549,0
10,30,BT549,0
195,107,BT549,0
159,170,MDAMB468,0
48,51,BT549,0
193,23,BT549,0
25,49,BT549,0
29,8,BT549,0
48,89,BT549,1
91,108,BT549,0
92,61,BT549,0
18,8,BT549,0
22,109,BT549,1
49,177,BT549,0
194,23,BT549,0
67,195,BT549,1
98,18,BT549,1
154,51,BT549,0
123,161,MDAMB468,0
79,51,BT549,0
133,11,KPL1,1
123,184,MDAMB468,0
112,86,BT549,0
87,37,BT549,0
59,9,BT549,1
35,46,BT549,0
49,107,BT549,0
50,8,BT549,1
28,65,BT549,1
136,177,BT549,0
15,64,BT549,0
28,53,BT549,0
61,68,BT549,0
43,46,BT549,0
113,35,BT549,0
3,61,BT549,0
30,103,BT549,0
29,107,BT549,0
50,86,BT549,0
121,7,BT549,0
60,8,BT549,1
59,154,BT549,0
18,5,BT549,0
162,43,BT549,0
61,4,BT549,0
182,179,A549,1
49,82,BT549,0
78,68,BT549,0
80,15,BT549,0
162,103,BT549,1
195,23,BT549,0
0,82,BT549,0
161,78,BT549,0
24,154,BT549,0
52,35,BT549,0
193,47,BT549,0
92,45,BT549,0
52,15,BT549,0
162,55,BT549,0
72,184,MDAMB468,0
108,62,BT549,0
48,80,BT549,1
84,24,BT549,0
155,46,HS578T,0
108,89,BT549,0
62,51,BT549,0
136,4,BT549,1
33,40,BT549,1
124,169,KPL1,0
15,60,BT549,0
162,94,BT549,0
104,116,BT549,0
64,23,BT549,0
193,108,BT549,0
90,9,BT549,0
177,83,UO31,0
25,63,BT549,1
15,77,BT549,0
126,176,BT549,1
94,93,BT549,0
136,69,HS578T,0
61,105,BT549,0
121,19,BT549,0
73,37,BT549,0
162,45,BT549,0
48,53,BT549,0
127,183,A549,1
45,46,BT549,0
104,47,BT549,0
163,151,BT549,1
22,24,BT549,0
94,50,BT549,0
15,24,BT549,0
36,44,BT549,0
87,51,BT549,0
16,112,BT549,0
25,109,BT549,0
25,107,BT549,0
48,9,BT549,0
172,151,HCC1187,0
25,45,BT549,0
80,81,BT549,0
0,46,BT549,0
16,23,BT549,0
16,47,BT549,0
161,168,MDAMB468,0
62,53,BT549,0
22,83,BT549,0
155,29,BT549,0
121,139,BT549,0
69,63,BT549,1
126,175,BT549,0
49,24,BT549,0
161,28,BT549,1
20,53,BT549,0
18,32,BT549,0
30,5,BT549,1
47,46,BT549,0
155,79,BT549,0
93,27,BT549,0
177,46,BT549,0
3,79,BT549,0
113,3,BT549,0
145,147,KPL1,0
139,108,BT549,0
93,62,BT549,0
36,39,BT549,0
76,34,BT549,0
2,24,BT549,0
84,20,BT549,0
30,24,BT549,0
48,47,BT549,0
116,62,BT549,0
175,146,KPL1,1
16,154,BT549,0
25,43,BT549,0
113,44,BT549,0
16,29,BT549,0
76,7,BT549,1
77,89,BT549,0
113,103,BT549,1
100,132,MDAMB468,0
98,194,BT549,0
116,73,BT549,0
79,60,BT549,0
58,75,BT549,0
31,40,BT549,0
39,27,BT549,1
55,20,BT549,0
95,170,MDAMB468,0
194,20,BT549,1
84,13,BT549,0
13,86,HS578T,0
78,48,BT549,1
127,169,KPL1,0
35,32,BT549,0
152,170,MDAMB468,0
98,75,HS578T,0
162,18,BT549,0
195,24,BT549,0
2,19,BT549,1
172,124,HCC1187,1
39,94,BT549,0
15,7,BT549,0
25,66,BT549,0
105,32,BT549,0
154,50,BT549,0
34,13,BT549,0
30,194,BT549,0
69,24,BT549,1
10,73,BT549,1
85,179,KPL1,1
10,194,BT549,0
78,65,BT549,0
87,112,BT549,0
8,19,BT549,0
123,110,MDAMB468,0
13,51,BT549,1
24,50,BT549,0
27,23,BT549,0
91,40,BT549,0
79,20,BT549,0
60,32,BT549,0
162,76,BT549,0
108,76,BT549,0
98,8,BT549,0
40,154,BT549,0
36,10,BT549,0
65,193,BT549,0
59,83,BT549,0
29,50,BT549,0
64,86,BT549,0
90,83,BT549,1
163,158,KPL1,1
155,177,BT549,0
193,51,BT549,0
35,45,BT549,0
78,165,BT549,1
90,18,BT549,0
24,112,BT549,0
193,41,BT549,0
195,40,BT549,1
81,24,HS578T,0
113,16,BT549,1
65,19,HS578T,0
55,80,BT549,0
97,53,BT549,0
136,111,BT549,0
35,76,BT549,0
80,64,BT549,0
193,30,BT549,1
33,111,BT549,0
90,62,BT549,0
76,4,BT549,0
62,84,BT549,0
28,68,BT549,0
82,69,BT549,0
113,68,BT549,0
61,75,BT549,1
37,13,BT549,0
63,76,BT549,0
25,165,BT549,0
61,81,BT549,0
93,91,BT549,0
64,32,BT549,0
52,53,BT549,0
121,111,BT549,0
59,139,BT549,0
136,33,BT549,0
28,0,BT549,0
193,139,BT549,0
67,98,BT549,1
136,2,BT549,0
32,177,BT549,0
15,32,BT549,0
78,0,BT549,0
105,86,BT549,0
48,21,BT549,0
23,75,BT549,0
172,85,A549,1
15,84,BT549,0
175,62,KPL1,1
52,194,BT549,0
97,30,BT549,0
115,57,MDAMB468,0
94,13,BT549,0
162,121,BT549,0
36,24,BT549,0
84,69,BT549,0
49,108,BT549,0
103,32,BT549,0
33,29,BT549,0
30,4,BT549,0
63,73,BT549,0
192,95,MDAMB468,0
91,81,BT549,0
97,32,BT549,0
9,64,BT549,1
80,58,BT549,0
92,50,BT549,0
44,194,BT549,0
79,8,BT549,0
69,51,BT549,0
91,7,BT549,0
39,84,BT549,0
60,27,BT549,0
59,37,BT549,0
90,194,BT549,0
65,82,BT549,1
36,55,BT549,1
3,10,BT549,0
80,98,BT549,0
2,13,BT549,0
47,36,BT549,0
163,137,KPL1,0
55,13,BT549,0
78,37,BT549,0
82,40,BT549,0
29,40,BT549,0
0,77,BT549,0
58,18,BT549,0
3,50,BT549,0
52,87,BT549,0
121,51,BT549,0
104,67,BT549,1
67,177,BT549,0
133,143,KPL1,0
7,40,BT549,1
97,15,BT549,0
161,162,BT549,0
9,60,BT549,0
22,23,BT549,0
15,18,BT549,0
192,123,MDAMB468,1
104,169,ZR751,0
121,37,BT549,0
8,75,BT549,0
78,195,BT549,1
121,18,BT549,0
39,20,BT549,0
90,84,BT549,0
105,45,BT549,0
192,119,MDAMB468,1
108,36,BT549,1
32,154,BT549,0
185,189,BT549,1
77,177,BT549,0
113,75,BT549,1
127,139,KPL1,0
73,91,BT549,0
22,112,BT549,0
16,13,BT549,0
35,23,BT549,0
116,193,BT549,0
108,63,BT549,0
103,75,BT549,0
90,64,BT549,0
116,103,BT549,0
103,79,BT549,0
44,92,HS578T,1
16,41,BT549,0
78,97,BT549,1
76,50,BT549,0
16,49,BT549,0
136,50,BT549,1
136,41,BT549,0
175,174,KPL1,1
97,13,BT549,0
61,20,HS578T,0
65,41,BT549,1
104,193,BT549,0
73,27,BT549,0
139,15,BT549,0
123,115,MDAMB468,0
63,112,BT549,0
79,53,BT549,0
22,63,BT549,0
58,27,BT549,1
155,8,BT549,0
104,30,BT549,1
15,81,BT549,0
41,79,BT549,0
40,46,BT549,0
78,8,BT549,1
21,7,BT549,1
104,75,BT549,0
162,69,BT549,0
104,66,BT549,0
185,176,BT549,1
68,50,BT549,0
10,24,BT549,0
52,64,BT549,1
116,108,BT549,0
22,44,BT549,0
121,8,BT549,0
65,141,KPL1,0
108,37,BT549,0
57,184,MDAMB468,0
30,45,HS578T,0
48,108,BT549,1
5,81,BT549,1
37,177,BT549,0
28,47,BT549,0
195,43,BT549,0
49,2,BT549,0
91,13,BT549,0
41,112,BT549,0
35,194,BT549,0
67,24,BT549,1
90,33,BT549,0
105,2,BT549,0
16,86,BT549,0
86,19,BT549,0
81,37,BT549,1
87,5,BT549,0
48,35,BT549,0
136,155,BT549,1
113,83,BT549,0
97,91,BT549,0
24,13,BT549,0
25,177,BT549,0
2,112,BT549,0
44,51,BT549,0
65,27,BT549,1
59,68,BT549,0
94,34,BT549,0
61,53,BT549,0
31,89,BT549,0
69,40,BT549,0
89,177,BT549,0
55,2,BT549,0
60,83,BT549,0
119,120,MDAMB468,0
33,75,BT549,0
145,160,KPL1,1
3,84,BT549,0
116,37,BT549,0
22,40,BT549,1
116,33,BT549,0
44,108,BT549,0
76,23,BT549,1
13,89,BT549,1
103,62,BT549,0
21,108,BT549,0
8,86,BT549,0
67,109,BT549,0
21,37,BT549,1
163,150,KPL1,0
39,93,BT549,0
49,93,BT549,0
30,94,BT549,0
16,27,BT549,0
84,81,BT549,0
65,66,BT549,1
5,51,BT549,0
51,50,BT549,0
163,11,KPL1,0
22,87,BT549,1
116,177,ACHN,0
113,136,BT549,1
113,58,BT549,1
17,179,KPL1,1
116,49,BT549,0
62,43,BT549,0
139,7,BT549,0
116,92,BT549,1
63,89,BT549,1
25,80,BT549,1
29,105,BT549,0
113,78,BT549,1
28,69,BT549,0
92,9,BT549,0
59,55,BT549,0
92,13,BT549,0
41,111,BT549,1
77,64,BT549,0
25,27,BT549,0
104,71,ZR751,0
15,58,BT549,0
31,4,BT549,1
93,51,BT549,0
136,49,BT549,1
136,84,BT549,1
39,69,BT549,0
69,50,HS578T,0
69,20,BT549,0
0,51,BT549,0
91,62,BT549,0
116,77,BT549,0
2,30,BT549,1
82,86,BT549,0
25,4,BT549,0
193,9,BT549,0
20,50,BT549,0
109,177,BT549,0
60,154,BT549,0
87,31,BT549,0
133,164,BT549,0
195,2,BT549,1
188,12,HUH7,0
66,93,BT549,0
87,94,BT549,0
104,34,BT549,0
78,79,BT549,1
154,177,BT549,1
93,83,BT549,0
77,91,HS578T,0
21,41,BT549,0
83,19,BT549,1
67,107,BT549,1
98,73,BT549,0
81,62,BT549,1
161,132,MDAMB468,0
92,89,BT549,1
116,51,BT549,0
37,4,BT549,0
40,45,BT549,0
153,141,KPL1,1
48,10,BT549,1
22,73,BT549,1
90,154,BT549,0
3,13,BT549,0
16,94,BT549,0
162,64,BT549,0
0,43,BT549,0
104,139,BT549,1
64,112,X786O,0
175,137,KPL1,1
10,107,BT549,0
90,15,BT549,0
94,23,BT549,0
0,13,BT549,0
36,51,BT549,1
186,189,BT549,1
104,107,BT549,1
103,91,BT549,0
113,13,BT549,0
15,4,BT549,1
84,108,BT549,0
31,86,BT549,0
102,38,HUH7,0
66,81,BT549,0
195,139,BT549,0
27,13,BT549,0
73,82,BT549,0
162,87,BT549,0
77,7,BT549,0
28,22,BT549,0
55,22,BT549,0
67,65,BT549,0
73,109,BT549,0
139,161,BT549,0
103,73,BT549,0
65,33,BT549,0
33,80,BT549,0
0,5,BT549,0
124,151,KPL1,0
104,13,BT549,1
36,53,BT549,1
162,80,BT549,0
41,86,BT549,1
36,62,BT549,0
39,75,BT549,1
93,20,BT549,0
67,162,BT549,0
104,88,ZR751,0
33,81,BT549,0
9,177,BT549,0
61,46,BT549,0
121,107,BT549,0
103,24,BT549,0
3,89,BT549,0
36,64,BT549,0
121,30,BT549,0
61,83,HS578T,0
55,45,BT549,0
155,51,BT549,0
116,155,BT549,0
78,13,BT549,1
49,62,BT549,0
98,32,BT549,0
92,63,BT549,0
116,25,MCF7,1
161,51,BT549,0
121,177,BT549,0
24,23,BT549,0
103,154,BT549,0
45,50,BT549,0
5,68,BT549,0
195,62,BT549,0
80,13,BT549,1
51,19,BT549,0
84,154,BT549,0
25,23,BT549,0
133,114,KPL1,1
3,112,BT549,0
170,168,MDAMB468,0
89,112,BT549,0
92,19,BT549,1
39,63,BT549,0
92,43,BT549,0
184,159,MDAMB468,1
47,94,BT549,0
39,82,BT549,0
84,23,BT549,0
130,179,A549,0
69,13,HS578T,0
139,45,BT549,0
36,177,BT549,0
6,56,HUH7,1
192,132,MDAMB468,0
189,124,BT549,1
124,137,KPL1,0
30,23,BT549,0
48,41,BT549,1
39,15,BT549,0
104,51,BT549,0
59,20,BT549,0
61,13,BT549,0
133,151,BT549,0
21,40,BT549,0
67,23,BT549,1
108,40,BT549,0
67,82,BT549,0
82,112,BT549,0
193,33,BT549,0
90,22,BT549,0
55,97,BT549,0
61,51,BT549,0
31,107,BT549,0
105,91,BT549,0
97,109,BT549,0
60,93,BT549,0
64,51,BT549,0
79,83,BT549,0
53,75,BT549,0
151,164,BT549,1
63,79,BT549,0
25,29,BT549,0
127,70,KPL1,0
136,121,BT549,0
28,64,BT549,0
7,53,BT549,0
7,32,BT549,0
116,34,BT549,0
47,58,BT549,0
2,66,BT549,0
163,70,KPL1,1
78,62,BT549,0
22,45,BT549,0
109,194,BT549,0
109,94,BT549,1
139,62,BT549,1
45,13,BT549,0
69,43,MCF7,0
28,18,BT549,1
121,84,BT549,0
65,163,KPL1,0
59,121,BT549,1
0,62,BT549,0
131,48,A549,1
35,109,BT549,0
111,79,BT549,0
104,90,BT549,0
13,19,BT549,0
161,165,BT549,0
111,27,BT549,0
18,105,BT549,0
175,172,MCF7,0
59,0,BT549,0
24,4,BT549,1
21,86,BT549,0
9,30,BT549,0
16,98,BT549,0
81,23,BT549,0
39,103,BT549,1
84,8,BT549,0
103,68,BT549,0
40,13,BT549,0
39,77,BT549,0
124,191,KPL1,1
15,75,BT549,0
136,77,BT549,1
139,89,BT549,0
43,4,BT549,1
2,76,BT549,0
82,37,BT549,0
7,46,BT549,0
103,27,BT549,0
60,19,HS578T,0
48,91,BT549,0
65,76,BT549,0
121,89,BT549,0
65,9,BT549,0
33,31,BT549,1
116,109,BT549,1
124,30,KPL1,1
104,7,BT549,0
76,75,BT549,0
72,161,MDAMB468,0
21,36,BT549,1
105,112,BT549,0
98,83,BT549,0
73,51,BT549,0
37,75,BT549,0
9,29,BT549,0
145,135,KPL1,0
116,68,BT549,1
10,87,BT549,0
133,62,KPL1,0
48,19,BT549,0
33,13,BT549,0
113,116,BT549,0
192,168,MDAMB468,0
80,60,BT549,0
155,93,BT549,0
177,19,BT549,1
59,92,BT549,1
69,58,BT549,1
175,145,MCF7,1
94,19,BT549,0
68,75,BT549,0
41,76,BT549,0
155,27,BT549,0
136,24,BT549,1
43,19,BT549,0
123,57,MDAMB468,0
41,75,BT549,0
65,182,A549,0
31,53,BT549,0
32,112,BT549,0
103,50,BT549,0
90,107,BT549,0
35,63,BT549,0
10,58,BT549,0
52,40,BT549,1
65,177,BT549,0
98,20,BT549,1
194,4,BT549,1
155,195,BT549,1
31,7,BT549,0
52,77,BT549,1
98,36,BT549,0
90,4,BT549,0
81,30,BT549,0
104,8,BT549,0
98,89,BT549,0
183,190,A549,0
186,151,BT549,1
92,76,BT549,1
163,88,KPL1,0
104,21,BT549,1
78,93,BT549,0
136,97,BT549,0
104,128,ZR751,0
9,36,BT549,0
153,148,KPL1,1
105,76,BT549,1
155,109,BT549,0
90,46,BT549,0
91,112,HS578T,0
113,80,BT549,0
63,51,BT549,0
155,116,BT549,0
161,86,BT549,1
33,0,BT549,0
79,75,BT549,0
48,58,BT549,0
121,66,BT549,0
72,100,MDAMB468,0
44,81,BT549,0
34,83,BT549,0
55,37,BT549,0
0,18,BT549,0
22,89,BT549,1
65,64,BT549,0
65,92,BT549,1
21,77,BT549,0
73,93,BT549,0
55,107,BT549,0
109,23,BT549,0
65,75,BT549,1
24,84,BT549,0
59,194,BT549,0
124,147,KPL1,0
161,95,MDAMB468,0
21,24,BT549,0
23,53,BT549,0
67,155,BT549,1
30,50,BT549,0
111,58,BT549,0
48,97,BT549,0
15,107,BT549,0
84,7,BT549,0
27,7,BT549,1
65,91,BT549,1
116,52,BT549,1
36,3,BT549,0
162,81,BT549,0
163,157,KPL1,1
78,60,BT549,0
10,154,BT549,0
9,41,BT549,0
139,109,BT549,0
41,103,BT549,0
76,27,BT549,0
78,61,BT549,1
35,47,BT549,0
7,8,BT549,0
153,74,KPL1,0
22,2,BT549,0
78,7,BT549,1
104,49,BT549,1
161,104,BT549,1
65,69,BT549,1
136,25,BT549,0
113,10,BT549,0
32,13,BT549,1
161,41,BT549,0
161,105,BT549,0
28,194,BT549,0
82,83,BT549,0
76,107,BT549,0
15,154,BT549,0
127,134,KPL1,1
3,20,BT549,0
76,77,BT549,0
10,40,BT549,0
36,65,BT549,0
94,32,BT549,0
153,157,BT549,1
61,89,BT549,0
104,147,ZR751,1
195,22,BT549,0
116,53,BT549,0
136,90,BT549,0
97,77,BT549,1
73,40,BT549,0
90,94,BT549,0
63,45,BT549,0
161,35,BT549,0
25,0,BT549,0
121,46,BT549,0
35,49,BT549,0
162,46,BT549,0
163,173,KPL1,0
161,40,BT549,0
55,93,BT549,0
93,75,BT549,0
155,28,BT549,1
136,19,HS578T,1
3,51,BT549,0
35,86,BT549,0
28,15,BT549,0
175,143,KPL1,1
24,34,BT549,0
39,81,BT549,0
90,86,BT549,0
50,177,BT549,1
94,105,BT549,0
21,75,BT549,0
66,80,BT549,0
195,105,BT549,0
52,44,BT549,0
32,45,BT549,0
66,98,BT549,0
47,63,BT549,0
31,51,BT549,0
68,45,BT549,0
22,84,BT549,0
80,8,BT549,0
193,89,BT549,0
193,105,BT549,0
103,64,BT549,0
98,19,BT549,0
77,5,BT549,0
2,8,BT549,0
5,63,BT549,0
116,81,BT549,0
193,98,BT549,0
2,7,BT549,0
15,45,BT549,0
195,75,BT549,0
91,36,BT549,0
0,47,BT549,0
121,154,BT549,0
103,111,BT549,0
87,53,BT549,0
87,105,BT549,0
195,47,BT549,0
52,62,BT549,1
55,89,BT549,1
175,150,KPL1,1
195,82,BT549,0
84,47,BT549,0
28,16,BT549,0
116,29,BT549,0
64,89,BT549,0
78,21,BT549,0
60,61,BT549,1
111,68,HS578T,0
65,45,BT549,0
113,193,BT549,0
76,73,BT549,0
59,86,BT549,1
90,82,BT549,1
80,23,BT549,0
77,154,BT549,0
25,37,BT549,0
139,48,BT549,0
139,20,BT549,1
98,50,BT549,1
139,76,BT549,0
194,40,BT549,0
195,45,BT549,0
90,45,BT549,0
23,89,BT549,0
162,39,BT549,0
105,5,BT549,0
2,27,BT549,0
55,61,BT549,0
39,92,BT549,0
33,61,BT549,0
2,60,BT549,0
111,20,HS578T,0
193,83,BT549,0
163,42,KPL1,1
127,26,KPL1,1
77,4,BT549,0
16,20,BT549,0
10,41,BT549,0
47,51,BT549,0
80,109,BT549,0
33,45,BT549,0
92,109,BT549,1
0,89,BT549,1
18,109,BT549,0
52,2,BT549,1
81,86,BT549,1
104,62,BT549,1
65,2,BT549,1
104,129,ZR751,0
66,20,BT549,0
119,115,MDAMB468,1
67,193,BT549,0
30,34,BT549,0
155,49,BT549,0
108,194,BT549,0
155,162,BT549,0
109,112,BT549,0
161,52,BT549,0
98,40,BT549,0
39,80,BT549,1
59,69,BT549,0
67,0,BT549,0
61,24,BT549,0
18,43,BT549,0
84,83,BT549,0
121,34,BT549,1
192,72,MDAMB468,1
78,5,BT549,0
2,94,BT549,0
58,73,BT549,0
69,36,BT549,0
18,34,BT549,0
193,29,BT549,0
79,154,BT549,0
63,43,BT549,0
7,86,BT549,0
5,46,BT549,0
49,73,BT549,0
64,19,BT549,0
78,90,BT549,0
22,35,BT549,0
82,107,BT549,0
163,142,KPL1,0
69,45,BT549,0
9,82,BT549,0
49,76,BT549,0
39,41,BT549,0
113,89,BT549,0
103,37,BT549,0
41,82,BT549,0
93,81,BT549,0
97,35,BT549,0
121,108,BT549,0
25,58,BT549,0
49,43,BT549,0
31,2,BT549,0
97,194,BT549,0
55,39,BT549,0
39,98,BT549,0
161,31,BT549,0
41,89,BT549,1
3,107,BT549,0
161,83,BT549,0
161,3,BT549,0
98,154,BT549,0
161,93,BT549,1
172,167,MCF7,1
29,7,BT549,0
155,61,BT549,0
59,75,BT549,1
139,105,BT549,0
79,24,BT549,0
55,94,BT549,0
28,50,BT549,1
47,8,BT549,0
9,0,BT549,0
162,9,BT549,0
80,49,BT549,0
60,66,BT549,0
21,93,BT549,1
195,48,BT549,1
22,177,BT549,0
92,32,BT549,0
64,53,BT549,0
153,146,KPL1,1
78,162,BT549,0
65,51,BT549,1
79,105,BT549,0
104,146,ZR751,0
162,105,BT549,1
161,8,BT549,0
22,16,BT549,1
76,18,BT549,0
16,10,BT549,0
78,73,BT549,1
33,27,BT549,0
52,165,BT549,0
49,91,BT549,0
4,75,BT549,0
119,152,MDAMB468,1
104,94,BT549,0
21,73,BT549,0
65,83,BT549,0
127,83,KPL1,0
108,32,BT549,0
65,173,KPL1,1
16,58,BT549,0
35,111,BT549,0
25,62,BT549,0
113,79,BT549,0
3,35,BT549,0
105,47,BT549,0
141,151,KPL1,1
118,120,MDAMB468,0
162,16,BT549,0
175,189,MCF7,0
93,103,BT549,0
181,124,BT549,1
77,46,BT549,0
78,77,BT549,1
21,0,BT549,0
35,77,BT549,0
68,53,BT549,0
67,59,BT549,1
65,62,BT549,0
0,76,BT549,0
145,74,KPL1,0
95,120,MDAMB468,0
79,177,BT549,1
81,19,BT549,1
35,84,BT549,0
115,120,MDAMB468,1
15,36,BT549,0
30,75,BT549,0
109,24,BT549,0
104,24,BT549,1
97,68,BT549,0
104,73,BT549,1
172,54,A549,1
25,51,BT549,0
28,55,BT549,0
58,177,BT549,0
105,50,BT549,0
9,86,HS578T,0
155,50,BT549,1
16,108,BT549,1
116,16,BT549,1
61,5,BT549,1
159,161,MDAMB468,0
116,113,BT549,0
195,60,BT549,0
163,147,KPL1,1
133,129,KPL1,0
136,103,BT549,1
81,89,BT549,1
93,13,BT549,0
155,80,BT549,0
161,27,BT549,0
64,7,BT549,1
39,97,BT549,1
25,41,BT549,1
62,8,BT549,1
153,71,KPL1,1
20,177,BT549,0
25,8,BT549,0
44,69,BT549,0
39,87,BT549,0
15,98,BT549,0
67,33,BT549,0
9,94,BT549,0
52,98,BT549,1
31,19,BT549,0
65,154,BT549,0
94,81,BT549,0
67,25,BT549,0
195,16,BT549,1
37,51,BT549,0
64,46,BT549,0
36,25,BT549,0
163,140,KPL1,0
15,34,BT549,0
116,91,BT549,1
67,34,BT549,0
65,194,BT549,0
25,103,BT549,1
39,29,BT549,0
65,0,BT549,1
52,193,BT549,0
31,24,BT549,0
9,4,BT549,0
103,107,BT549,0
195,3,BT549,0
63,5,BT549,0
49,51,BT549,1
62,20,HS578T,0
124,156,KPL1,0
97,112,BT549,0
155,73,BT549,1
22,76,BT549,0
161,5,BT549,0
37,7,BT549,1
163,169,KPL1,1
80,51,BT549,0
47,76,BT549,0
63,8,BT549,0
82,177,BT549,0
16,15,BT549,0
58,51,BT549,0
49,23,BT549,1
9,77,BT549,0
40,19,BT549,0
94,46,BT549,0
186,124,BT549,1
104,41,BT549,0
193,8,BT549,0
175,164,BT549,1
66,40,BT549,0
0,36,BT549,0
35,50,BT549,0
133,147,KPL1,1
133,42,KPL1,0
133,156,KPL1,0
93,19,BT549,0
78,31,BT549,1
162,20,BT549,0
29,23,BT549,0
65,50,BT549,0
84,50,BT549,0
111,94,BT549,0
73,34,BT549,0
61,112,BT549,0
29,111,BT549,0
61,177,BT549,0
67,90,BT549,0
61,36,BT549,0
28,93,BT549,0
139,107,BT549,0
116,111,BT549,1
41,87,BT549,0
175,42,KPL1,0
116,40,BT549,0
66,32,BT549,0
4,86,BT549,0
22,0,BT549,0
69,109,BT549,1
44,7,BT549,0
25,30,BT549,0
22,75,BT549,1
57,152,MDAMB468,0
59,49,BT549,0
153,128,KPL1,1
193,154,BT549,0
28,89,BT549,0
61,82,BT549,0
116,94,BT549,0
109,5,BT549,1
98,62,BT549,0
90,43,BT549,0
194,34,BT549,0
84,68,BT549,0
35,94,BT549,0
48,55,BT549,1
139,18,BT549,0
66,87,BT549,0
13,177,BT549,0
76,177,BT549,0
79,61,BT549,0
41,46,BT549,0
121,76,BT549,0
47,103,BT549,1
193,24,BT549,0
113,21,BT549,1
104,84,BT549,1
25,154,BT549,0
133,160,KPL1,0
127,147,KPL1,1
35,154,BT549,0
86,46,BT549,0
33,69,BT549,0
80,32,BT549,0
133,174,KPL1,0
6,101,HUH7,0
105,13,BT549,0
139,98,BT549,0
39,37,BT549,0
111,40,BT549,0
80,2,BT549,1
94,83,BT549,0
93,69,BT549,1
116,18,BT549,0
3,30,BT549,0
104,0,BT549,0
103,34,BT549,0
179,164,BT549,0
40,34,BT549,1
113,34,BT549,0
5,20,HS578T,0
24,19,BT549,0
18,60,BT549,0
67,111,BT549,0
16,53,BT549,0
81,51,BT549,0
47,73,BT549,0
22,43,BT549,1
31,50,BT549,1
10,94,BT549,0
57,117,MDAMB468,0
79,69,BT549,0
22,121,BT549,1
113,69,BT549,0
161,107,BT549,1
33,105,BT549,0
78,111,BT549,1
121,27,BT549,0
35,58,BT549,0
67,61,BT549,0
3,0,BT549,0
175,88,KPL1,1
92,37,MDAMB468,0
29,109,BT549,0
7,83,BT549,0
121,47,BT549,0
92,36,BT549,1
59,8,BT549,0
139,83,BT549,0
35,18,BT549,0
0,154,BT549,0
9,109,BT549,0
44,21,BT549,0
136,81,BT549,0
64,45,BT549,0
69,107,BT549,1
3,66,BT549,0
64,83,HS578T,0
155,31,BT549,0
116,87,BT549,0
48,194,BT549,0
155,67,BT549,1
94,154,BT549,0
161,154,BT549,0
116,79,BT549,0
104,9,BT549,0
161,136,BT549,1
48,45,BT549,0
195,112,BT549,0
103,66,BT549,0
30,32,BT549,0
9,24,BT549,0
22,103,BT549,0
136,62,BT549,1
84,30,BT549,0
48,98,BT549,0
59,43,BT549,1
16,19,BT549,1
189,151,BT549,0
103,36,BT549,0
18,23,BT549,0
3,69,BT549,0
87,111,BT549,0
41,107,BT549,0
34,75,BT549,0
29,83,BT549,0
118,152,MDAMB468,0
49,5,BT549,0
21,53,BT549,0
79,13,BT549,0
104,91,BT549,1
25,20,BT549,0
121,43,BT549,0
60,194,BT549,0
116,139,BT549,0
59,30,BT549,1
35,79,BT549,0
43,50,BT549,0
103,86,BT549,0
44,23,BT549,0
111,194,BT549,0
48,5,BT549,0
9,47,BT549,1
49,63,BT549,0
155,62,BT549,1
82,34,BT549,0
55,41,BT549,0
16,76,BT549,0
113,19,BT549,0
40,83,BT549,0
195,121,BT549,1
155,45,BT549,0
92,93,BT549,1
139,195,BT549,1
104,68,BT549,1
35,7,BT549,0
127,74,KPL1,0
22,111,BT549,0
104,99,ZR751,0
136,92,BT549,1
193,19,BT549,0
47,86,BT549,0
2,40,BT549,0
193,82,BT549,0
73,60,BT549,0
104,16,BT549,0
25,9,BT549,0
121,49,BT549,0
81,45,BT549,0
44,49,BT549,0
65,84,BT549,0
98,68,BT549,0
65,11,KPL1,1
58,53,BT549,0
44,75,BT549,1
28,195,BT549,0
47,112,BT549,0
136,31,BT549,0
87,32,BT549,0
65,139,BT549,0
63,7,BT549,1
81,77,BT549,0
2,46,BT549,0
90,0,BT549,1
22,92,BT549,1
163,74,KPL1,1
94,40,BT549,0
90,69,BT549,0
39,111,BT549,1
181,144,BT549,0
28,154,BT549,0
90,105,BT549,1
15,94,BT549,0
139,27,BT549,0
2,4,BT549,0
195,76,BT549,0
69,7,BT549,1
139,23,BT549,1
24,194,BT549,1
195,5,BT549,0
109,8,BT549,0
155,111,BT549,0
81,20,BT549,0
162,75,BT549,0
31,108,BT549,0
66,53,BT549,0
127,160,KPL1,0
41,61,BT549,0
63,75,BT549,0
80,154,BT549,0
116,41,BT549,1
155,94,BT549,0
33,93,BT549,0
159,110,MDAMB468,1
116,195,BT549,1
161,19,BT549,0
55,108,BT549,0
25,31,BT549,0
98,77,BT549,0
48,139,BT549,0
16,165,BT549,0
179,151,BT549,0
92,81,BT549,0
45,23,BT549,0
28,20,BT549,0
92,64,BT549,0
162,194,BT549,0
58,154,BT549,0
25,98,BT549,0
10,79,BT549,0
90,55,BT549,0
20,112,BT549,0
36,83,BT549,0
52,22,BT549,0
67,103,BT549,1
21,30,BT549,0
47,111,BT549,1
78,94,BT549,0
109,68,BT549,0
66,43,BT549,0
127,138,KPL1,0
25,15,BT549,0
15,2,BT549,0
103,58,BT549,0
136,5,BT549,1
25,64,BT549,0
136,195,BT549,0
62,82,BT549,0
162,51,BT549,0
155,4,BT549,0
188,6,HUH7,1
52,108,BT549,0
162,61,BT549,0
161,21,BT549,1
139,37,BT549,0
166,183,A549,0
105,20,BT549,0
104,19,BT549,0
73,89,BT549,1
76,5,BT549,0
162,59,BT549,0
113,139,BT549,0
33,51,BT549,1
121,31,BT549,0
87,19,BT549,0
62,4,BT549,0
65,174,KPL1,1
39,19,BT549,0
162,68,BT549,1
61,103,BT549,0
81,111,BT549,0
24,5,BT549,0
98,112,BT549,0
31,112,BT549,0
15,83,BT549,0
113,63,BT549,0
60,37,BT549,0
94,61,BT549,0
0,49,BT549,0
94,82,BT549,0
16,4,BT549,0
3,139,BT549,1
69,73,BT549,1
5,194,BT549,1
65,165,BT549,0
115,168,MDAMB468,1
22,49,BT549,0
162,89,BT549,1
136,39,BT549,0
155,24,BT549,1
0,84,BT549,0
29,51,BT549,0
192,57,MDAMB468,0
90,92,BT549,1
195,68,BT549,1
193,58,BT549,0
13,75,BT549,1
37,112,BT549,0
121,94,BT549,0
52,31,BT549,0
98,31,BT549,1
108,34,BT549,1
62,112,BT549,0
139,34,BT549,0
98,53,BT549,0
92,105,BT549,0
153,137,KPL1,1
151,157,KPL1,1
105,24,BT549,0
124,70,KPL1,0
80,89,BT549,0
66,33,BT549,0
44,87,BT549,1
124,134,KPL1,0
66,82,BT549,0
116,48,BT549,0
127,148,KPL1,1
72,168,MDAMB468,0
16,7,BT549,0
105,69,BT549,1
10,68,BT549,0
109,75,BT549,0
39,73,BT549,1
79,93,BT549,1
32,51,BT549,0
59,58,BT549,0
55,154,BT549,0
28,5,BT549,0
25,10,BT549,0
47,154,BT549,0
121,103,BT549,0
78,10,BT549,0
35,20,BT549,0
33,2,BT549,1
109,7,BT549,0
10,37,BT549,0
80,86,BT549,0
44,82,BT549,0
139,154,BT549,0
39,68,BT549,0
145,173,KPL1,0
116,161,BT549,0
32,86,BT549,0
121,81,BT549,0
105,83,BT549,0
65,34,BT549,1
65,29,BT549,0
0,68,BT549,0
162,165,BT549,0
55,46,BT549,0
183,85,A549,0
35,73,BT549,0
37,8,BT549,0
73,23,BT549,0
155,107,BT549,0
113,93,BT549,0
15,29,BT549,0
47,40,BT549,0
23,13,BT549,0
139,63,BT549,0
195,97,BT549,0
108,2,BT549,0
116,65,BT549,1
90,165,BT549,0
49,30,BT549,1
109,66,BT549,0
195,13,BT549,0
92,107,BT549,0
29,37,BT549,0
81,112,BT549,0
65,20,BT549,0
36,154,BT549,1
145,26,KPL1,1
155,10,BT549,0
44,19,BT549,1
193,13,BT549,0
98,46,BT549,0
92,24,BT549,1
67,31,BT549,0
9,27,BT549,0
3,111,BT549,0
65,23,BT549,0
155,86,BT549,0
105,30,BT549,0
193,27,BT549,0
63,58,BT549,0
10,64,BT549,0
179,163,BT549,0
91,27,BT549,0
104,177,BT549,0
103,76,BT549,1
69,53,BT549,0
161,110,MDAMB468,0
37,45,BT549,1
155,113,BT549,1
105,79,BT549,0
21,27,BT549,1
64,43,BT549,0
108,53,BT549,0
55,73,HS578T,1
29,46,BT549,0
189,164,BT549,0
62,163,KPL1,1
28,30,BT549,0
18,94,BT549,0
31,76,BT549,0
36,13,BT549,0
116,27,BT549,0
81,154,BT549,1
47,77,BT549,1
73,19,BT549,1
193,10,BT549,0
25,92,BT549,1
59,109,BT549,0
93,82,BT549,0
0,87,BT549,0
65,30,BT549,1
59,40,BT549,1
9,68,HS578T,0
195,50,BT549,0
82,77,BT549,0
87,86,BT549,0
162,58,BT549,0
60,43,BT549,0
109,46,BT549,0
47,20,BT549,0
65,160,KPL1,0
119,95,MDAMB468,0
124,148,KPL1,0
121,165,BT549,0
65,158,KPL1,0
10,43,BT549,0
195,10,BT549,1
30,64,BT549,0
84,194,BT549,0
67,10,BT549,0
113,81,BT549,0
27,75,BT549,0
92,98,BT549,1
78,177,BT549,0
162,98,BT549,0
30,177,BT549,0
155,7,BT549,0
82,53,BT549,0
5,34,HS578T,0
153,163,BT549,0
44,20,BT549,0
21,81,BT549,0
91,58,HS578T,1
30,8,BT549,1
0,63,BT549,0
113,4,BT549,1
48,22,BT549,0
124,143,KPL1,0
15,61,BT549,0
73,84,BT549,0
9,103,BT549,0
113,37,BT549,0
44,66,BT549,0
44,43,BT549,0
65,183,A549,0
78,32,BT549,1
113,27,BT549,0
49,19,BT549,0
13,112,BT549,0
193,20,BT549,0
145,138,KPL1,1
78,40,BT549,1
44,107,BT549,0
184,120,MDAMB468,0
39,45,BT549,0
161,45,BT549,0
93,77,BT549,1
184,110,MDAMB468,1
82,23,BT549,0
133,146,KPL1,0
153,183,A549,0
27,20,BT549,0
35,64,BT549,0
87,154,BT549,0
30,111,BT549,0
195,33,BT549,0
163,144,BT549,1
65,63,BT549,1
92,94,HS578T,0
28,103,BT549,0
61,50,BT549,0
36,90,BT549,0
97,0,BT549,0
8,112,BT549,0
87,98,BT549,0
133,124,BT549,1
175,148,KPL1,0
35,83,BT549,0
65,156,KPL1,0
121,91,BT549,0
145,156,KPL1,1
50,112,BT549,0
76,112,BT549,0
28,58,BT549,1
72,120,MDAMB468,0
37,23,BT549,0
22,82,BT549,0
24,82,BT549,0
97,94,BT549,0
68,34,BT549,0
121,53,BT549,0
155,165,BT549,1
161,55,BT549,0
65,44,BT549,0
65,16,BT549,0
59,35,BT549,0
97,60,BT549,0
59,51,BT549,0
49,61,BT549,0
103,20,HS578T,0
193,45,BT549,0
16,51,BT549,0
73,53,BT549,0
161,90,BT549,0
154,75,BT549,0
91,45,BT549,0
53,46,BT549,0
162,60,BT549,0
47,24,BT549,0
41,32,BT549,0
45,8,BT549,0
22,77,BT549,1
58,20,BT549,0
34,19,BT549,0
65,157,KPL1,1
55,19,BT549,0
24,93,BT549,0
91,5,BT549,0
30,73,BT549,0
193,77,BT549,0
52,69,BT549,0
49,75,BT549,1
76,36,BT549,0
66,41,BT549,0
3,83,BT549,0
136,45,BT549,0
193,73,BT549,1
66,75,BT549,0
35,112,BT549,0
77,43,BT549,0
97,61,BT549,0
162,77,BT549,0
163,26,KPL1,0
52,39,BT549,0
36,20,BT549,0
136,94,BT549,0
16,84,BT549,0
15,27,BT549,1
162,83,BT549,0
113,5,BT549,0
33,76,BT549,0
61,58,BT549,1
78,3,BT549,0
98,105,BT549,0
124,11,KPL1,1
87,43,BT549,0
57,161,MDAMB468,0
36,89,BT549,1
35,103,BT549,0
127,129,KPL1,0
92,4,BT549,1
21,84,BT549,0
65,138,KPL1,1
62,19,BT549,0
93,45,HS578T,0
30,154,BT549,0
97,103,BT549,0
7,19,BT549,0
193,2,BT549,0
48,90,BT549,0
52,103,BT549,0
104,32,BT549,1
40,8,BT549,0
39,76,BT549,0
66,29,BT549,0
13,46,BT549,0
63,62,BT549,0
87,29,BT549,0
76,58,BT549,0
36,46,BT549,0
21,31,BT549,0
163,111,KPL1,1
44,84,BT549,0
116,162,BT549,1
29,43,BT549,0
157,176,BT549,1
25,81,BT549,1
84,53,BT549,0
63,86,BT549,0
116,64,BT549,0
118,132,MDAMB468,0
175,158,KPL1,1
28,27,BT549,1
28,121,BT549,0
52,81,BT549,0
59,97,BT549,0
66,154,BT549,0
41,4,BT549,0
67,86,BT549,1
92,82,BT549,0
25,44,BT549,0
78,51,BT549,1
61,23,BT549,0
39,8,BT549,0
67,43,BT549,1
65,114,KPL1,0
193,5,BT549,0
139,68,BT549,0
111,19,BT549,1
47,4,BT549,0
36,109,BT549,1
49,18,BT549,0
48,81,BT549,0
136,22,BT549,0
53,8,BT549,1
65,164,KPL1,0
121,69,BT549,0
67,73,BT549,1
90,97,BT549,0
49,40,HS578T,0
162,139,BT549,0
97,87,BT549,0
47,66,BT549,0
104,45,BT549,0
16,37,BT549,0
94,89,BT549,0
118,100,MDAMB468,0
94,45,BT549,0
103,13,BT549,0
64,8,BT549,0
52,30,BT549,1
41,20,BT549,0
40,50,BT549,0
81,107,BT549,0
33,18,BT549,0
124,42,KPL1,1
62,32,BT549,0
9,63,BT549,0
103,94,BT549,0
29,177,BT549,0
104,10,BT549,0
48,50,BT549,0
175,99,KPL1,1
41,24,BT549,0
49,34,BT549,0
48,93,BT549,0
194,89,BT549,0
15,91,BT549,0
153,88,KPL1,1
91,43,BT549,0
41,84,BT549,0
51,53,BT549,0
9,93,BT549,0
175,122,MCF7,0
157,144,BT549,1
195,79,BT549,0
16,43,BT549,0
36,50,BT549,0
121,61,BT549,1
68,27,BT549,1
92,103,BT549,0
97,93,BT549,0
10,49,BT549,0
111,154,BT549,1
136,15,BT549,0
194,51,BT549,0
52,90,BT549,0
136,10,BT549,0
10,51,BT549,0
154,46,BT549,0
104,105,BT549,0
39,194,BT549,0
43,53,BT549,0
66,83,BT549,0
78,35,BT549,0
29,86,BT549,0
39,32,BT549,0
51,89,BT549,0
5,86,BT549,0
177,75,BT549,0
82,8,BT549,0
163,174,KPL1,0
69,177,BT549,1
65,80,BT549,1
155,78,BT549,1
69,23,BT549,0
39,121,BT549,0
40,177,BT549,0
109,13,BT549,0
139,75,BT549,1
47,177,BT549,0
9,43,BT549,0
189,175,BT549,0
22,53,BT549,0
136,109,BT549,0
23,20,BT549,0
9,62,BT549,0
69,18,BT549,1
31,94,BT549,0
175,111,KPL1,1
72,170,MDAMB468,0
65,195,BT549,1
136,59,BT549,0
195,39,BT549,1
45,53,BT549,0
127,11,KPL1,0
30,13,BT549,0
96,125,HUH7,0
193,121,BT549,1
91,2,BT549,1
62,64,BT549,0
104,43,BT549,1
116,194,BT549,0
116,10,MCF7,0
65,103,BT549,1
15,51,BT549,0
21,103,BT549,0
21,51,BT549,0
152,110,MDAMB468,0
109,50,BT549,0
108,7,BT549,0
47,34,BT549,1
145,111,KPL1,0
41,58,BT549,0
48,92,BT549,1
90,75,BT549,0
45,43,HS578T,1
32,53,BT549,0
67,113,BT549,1
68,112,BT549,1
61,76,BT549,0
116,76,BT549,0
113,52,BT549,0
93,40,BT549,0
110,100,MDAMB468,0
9,8,BT549,0
49,83,BT549,1
195,21,BT549,0
83,46,BT549,0
10,45,BT549,0
52,139,BT549,1
61,2,BT549,0
10,105,BT549,0
92,87,BT549,1
87,60,BT549,0
28,13,BT549,0
35,60,BT549,0
91,177,BT549,0
93,2,BT549,0
97,51,BT549,0
24,86,BT549,0
100,168,MDAMB468,0
39,86,BT549,0
180,163,BT549,0
79,50,BT549,1
87,82,BT549,0
92,177,BT549,0
61,91,BT549,0
65,58,BT549,0
119,100,MDAMB468,0
91,46,BT549,0
92,5,BT549,0
64,194,BT549,0
27,53,BT549,0
58,45,BT549,0
108,103,BT549,0
32,89,BT549,0
90,80,BT549,1
97,46,BT549,0
82,47,BT549,0
10,34,BT549,1
87,4,BT549,0
195,84,BT549,0
44,68,BT549,0
3,27,BT549,0
49,20,BT549,1
21,23,BT549,1
28,52,BT549,1
195,98,BT549,0
62,5,BT549,0
52,105,BT549,0
116,61,BT549,0
67,29,BT549,0
97,50,BT549,0
29,58,BT549,0
29,19,HS578T,0
24,45,BT549,0
35,4,BT549,1
3,109,BT549,0
18,45,BT549,0
90,79,BT549,0
57,170,MDAMB468,0
109,53,BT549,1
76,194,BT549,0
60,53,BT549,0
18,77,BT549,0
113,66,BT549,0
10,112,BT549,0
48,73,BT549,1
65,59,BT549,0
77,32,BT549,0
139,51,BT549,0
31,60,BT549,0
79,63,BT549,0
136,63,BT549,0
22,58,BT549,0
31,83,BT549,0
10,92,BT549,1
161,58,BT549,1
63,154,BT549,0
55,87,BT549,0
69,94,BT549,0
44,76,BT549,0
10,82,BT549,0
22,51,BT549,1
111,73,BT549,0
52,48,BT549,1
65,24,BT549,0
41,68,BT549,0
104,39,BT549,1
127,146,KPL1,0
20,8,BT549,0
65,88,KPL1,1
185,164,BT549,0
73,50,BT549,0
192,184,MDAMB468,1
29,64,BT549,0
59,15,BT549,0
91,51,BT549,0
161,113,BT549,0
195,162,BT549,0
55,105,BT549,0
80,24,MCF7,0
62,86,BT549,0
193,18,BT549,0
76,20,BT549,0
159,168,MDAMB468,1
81,64,BT549,0
41,50,BT549,0
80,194,BT549,0
172,166,A549,1
108,45,BT549,0
87,58,BT549,0
55,44,BT549,0
126,157,BT549,1
16,8,BT549,0
155,3,BT549,0
193,63,BT549,0
161,48,BT549,0
67,80,BT549,0
5,43,BT549,0
24,27,BT549,0
10,66,BT549,0
31,177,BT549,0
195,83,BT549,0
92,111,BT549,0
2,73,BT549,0
62,23,BT549,0
80,4,BT549,0
67,139,BT549,1
179,124,BT549,0
35,27,BT549,0
3,77,BT549,0
92,27,BT549,0
51,177,BT549,0
65,40,BT549,1
195,53,BT549,0
185,151,BT549,0
87,34,BT549,0
139,91,BT549,0
41,63,BT549,1
186,163,BT549,1
20,51,BT549,1
16,24,BT549,0
10,20,BT549,0
3,32,BT549,0
113,29,BT549,0
84,37,BT549,0
55,43,BT549,0
162,66,BT549,0
33,154,BT549,1
195,30,BT549,0
36,28,BT549,0
41,98,BT549,0
44,89,BT549,0
55,35,BT549,0
21,47,BT549,0
104,92,BT549,1
161,10,BT549,0
76,45,BT549,0
67,8,BT549,0
24,40,BT549,1
84,62,BT549,0
78,98,BT549,1
78,46,BT549,0
136,16,BT549,1
136,61,BT549,1
16,63,BT549,0
52,121,BT549,0
30,66,BT549,0
40,23,BT549,1
104,114,ZR751,0
53,19,BT549,1
111,77,BT549,0
80,37,BT549,0
195,32,BT549,0
90,68,BT549,1
155,65,BT549,0
81,2,BT549,1
113,15,BT549,0
62,50,BT549,0
11,164,KPL1,0
193,94,BT549,0
93,37,BT549,0
33,5,BT549,1
9,98,BT549,0
98,91,BT549,0
29,4,BT549,0
58,68,BT549,1
136,18,BT549,0
97,84,BT549,0
59,18,BT549,1
162,53,BT549,0
52,82,BT549,0
24,83,HS578T,0
65,150,KPL1,1
13,20,BT549,1
55,5,BT549,0
90,111,BT549,1
76,51,BT549,0
47,18,BT549,0
0,81,BT549,1
104,158,ZR751,0
32,50,BT549,0
141,164,KPL1,1
66,89,BT549,0
61,62,BT549,1
131,182,A549,0
111,76,BT549,1
35,29,BT549,0
121,105,BT549,0
10,15,BT549,0
94,51,BT549,1
78,69,BT549,0
97,80,BT549,0
16,40,BT549,1
0,53,BT549,0
29,77,BT549,0
10,60,BT549,0
103,51,BT549,0
136,107,BT549,0
0,8,BT549,0
28,33,BT549,1
162,34,BT549,1
43,13,BT549,0
104,98,BT549,1
21,33,BT549,0
111,66,BT549,0
25,193,BT549,0
162,41,BT549,0
9,34,BT549,0
82,76,BT549,0
192,117,MDAMB468,0
155,58,BT549,1
9,58,BT549,0
105,77,BT549,1
116,55,BT549,0
82,45,BT549,0
183,139,A549,0
195,66,BT549,1
22,165,BT549,0
68,46,BT549,0
69,76,BT549,1
22,64,BT549,0
35,15,BT549,0
189,181,BT549,1
0,45,BT549,0
8,4,BT549,0
16,103,BT549,0
116,112,BT549,0
93,111,BT549,0
76,79,BT549,1
78,121,BT549,1
90,50,BT549,0
67,53,BT549,0
35,98,BT549,0
162,44,BT549,0
3,58,BT549,0
10,46,BT549,0
116,32,BT549,0
48,82,BT549,1
55,63,BT549,0
113,87,BT549,1
25,75,BT549,0
163,148,KPL1,1
139,35,BT549,0
59,61,BT549,1
65,43,BT549,0
193,7,BT549,0
155,60,BT549,1
10,109,BT549,0
175,142,KPL1,1
78,2,BT549,1
79,94,BT549,0
55,76,BT549,0
65,10,BT549,0
58,94,BT549,0
34,50,BT549,0
3,43,BT549,0
22,9,BT549,0
62,69,BT549,1
73,83,BT549,0
104,2,BT549,0
73,5,BT549,1
162,21,BT549,0
45,89,BT549,1
10,53,BT549,0
91,32,BT549,0
16,69,BT549,0
39,9,BT549,0
44,0,BT549,0
25,79,BT549,1
67,60,BT549,1
113,194,BT549,1
52,46,BT549,0
52,49,BT549,0
162,82,BT549,0
127,140,KPL1,1
62,151,KPL1,1
79,86,BT549,0
136,20,BT549,1
30,7,BT549,0
90,77,BT549,0
67,89,BT549,0
66,31,BT549,0
80,19,BT549,1
76,109,BT549,0
193,15,BT549,0
36,94,BT549,0
155,33,BT549,0
153,143,KPL1,1
175,147,KPL1,1
16,9,BT549,0
31,43,BT549,0
161,13,BT549,0
87,69,BT549,1
194,50,BT549,0
109,64,BT549,0
59,46,BT549,0
28,80,BT549,0
25,53,BT549,1
121,21,BT549,0
48,84,BT549,0
10,2,BT549,0
19,46,BT549,1
119,57,MDAMB468,0
21,61,BT549,0
97,154,BT549,0
124,128,KPL1,1
25,5,BT549,0
90,61,BT549,0
39,165,BT549,0
90,108,BT549,1
84,107,BT549,0
33,32,BT549,0
43,51,BT549,0
55,82,BT549,0
15,112,BT549,0
195,18,BT549,0
9,194,BT549,0
98,5,BT549,1
58,34,BT549,0
28,2,BT549,0
22,69,BT549,0
3,82,BT549,0
92,34,BT549,0
104,69,BT549,0
194,177,BT549,0
33,77,BT549,0
113,105,BT549,0
126,163,BT549,0
58,5,BT549,0
67,40,BT549,1
92,80,BT549,0
32,23,BT549,1
155,2,BT549,0
161,79,BT549,0
25,108,BT549,1
39,46,BT549,0
89,83,BT549,0
10,80,BT549,0
136,65,BT549,0
92,91,BT549,1
139,155,BT549,0
63,2,BT549,0
24,105,BT549,0
10,9,BT549,0
24,43,BT549,0
52,63,BT549,0
195,61,BT549,0
112,46,BT549,0
3,46,BT549,0
18,91,BT549,0
69,46,BT549,1
81,76,BT549,0
51,4,BT549,0
161,108,BT549,0
98,23,BT549,0
21,15,BT549,0
5,154,BT549,0
90,23,BT549,0
65,89,BT549,1
116,89,BT549,1
133,137,KPL1,0
10,97,BT549,0
183,164,KPL1,1
121,13,BT549,0
78,24,BT549,1
5,13,BT549,1
159,100,MDAMB468,0
97,45,BT549,0
18,68,BT549,0
44,139,BT549,1
67,136,BT549,1
52,5,BT549,0
66,19,BT549,0
47,2,BT549,1
92,30,BT549,1
55,51,BT549,0
55,34,BT549,1
78,43,BT549,1
161,63,BT549,0
103,177,BT549,0
65,52,BT549,0
49,86,BT549,0
63,46,BT549,0
78,20,BT549,1
18,13,BT549,0
139,103,BT549,1
23,19,BT549,0
139,94,BT549,0
2,64,BT549,0
61,30,BT549,0
127,135,KPL1,0
35,89,BT549,1
116,9,BT549,0
113,43,BT549,1
3,154,BT549,0
22,80,BT549,0
93,50,BT549,0
22,107,BT549,0
139,9,BT549,1
127,128,KPL1,0
162,111,BT549,1
113,121,BT549,1
29,20,BT549,0
104,113,BT549,1
81,46,BT549,0
117,110,MDAMB468,0
116,58,BT549,0
33,60,BT549,0
90,53,BT549,1
139,60,BT549,0
9,79,BT549,0
21,43,BT549,0
90,30,BT549,0
161,103,BT549,1
58,66,BT549,0
29,103,BT549,0
91,154,BT549,0
194,13,BT549,0
78,82,BT549,1
51,86,BT549,0
35,68,BT549,1
139,80,BT549,0
78,44,BT549,1
7,43,BT549,1
172,179,A549,1
41,154,BT549,1
103,4,BT549,1
44,32,BT549,0
145,88,KPL1,1
113,108,BT549,0
195,63,BT549,0
67,154,BT549,1
21,177,BT549,1
84,32,BT549,0
111,91,BT549,1
136,98,BT549,1
97,69,BT549,0
16,35,BT549,0
40,4,BT549,0
28,98,BT549,0
33,89,BT549,1
78,39,BT549,0
15,87,BT549,0
93,36,BT549,0
32,20,BT549,0
127,191,KPL1,0
30,83,BT549,0
158,48,A549,1
185,157,BT549,0
69,108,BT549,0
93,58,BT549,0
90,40,BT549,0
65,22,BT549,0
48,39,BT549,1
69,86,BT549,1
78,81,BT549,0
98,49,BT549,0
104,111,ZR751,0
161,100,MDAMB468,0
48,62,BT549,0
81,103,BT549,0
25,32,BT549,0
39,47,BT549,0
80,91,BT549,0
139,79,BT549,0
99,157,KPL1,1
82,64,BT549,0
55,40,BT549,0
81,7,BT549,0
48,69,BT549,0
83,86,BT549,0
155,39,BT549,0
80,75,BT549,0
121,112,BT549,0
59,39,BT549,0
28,75,BT549,1
139,55,BT549,0
16,33,BT549,0
104,121,BT549,0
47,108,BT549,0
52,79,BT549,0
105,4,BT549,1
151,54,A549,1
66,7,BT549,0
104,82,BT549,0
175,196,MCF7,0
195,0,BT549,1
52,111,BT549,1
195,165,BT549,0
29,91,BT549,0
59,16,BT549,1
136,7,BT549,0
16,105,BT549,1
48,3,BT549,0
21,18,BT549,1
155,13,BT549,0
113,107,BT549,0
22,20,BT549,0
77,194,BT549,0
84,177,BT549,0
76,43,BT549,0
92,73,BT549,1
193,194,BT549,0
161,37,BT549,0
31,37,BT549,0
28,76,BT549,0
91,34,BT549,0
153,173,KPL1,0
49,13,BT549,0
55,24,BT549,0
65,140,KPL1,0
104,23,BT549,1
49,68,BT549,0
48,32,BT549,0
72,117,MDAMB468,0
80,105,BT549,1
139,162,BT549,0
195,49,BT549,0
24,32,BT549,1
55,139,BT549,0
78,86,BT549,1
103,45,HS578T,1
121,35,BT549,0
0,64,BT549,0
136,3,BT549,0
109,45,BT549,0
49,29,BT549,0
35,37,BT549,0
92,35,BT549,0
113,84,BT549,1
10,50,BT549,0
59,5,BT549,0
29,81,BT549,0
5,105,BT549,0
63,177,BT549,0
109,37,BT549,1
91,86,BT549,0
127,137,KPL1,0
67,35,BT549,0
9,87,BT549,0
87,62,BT549,1
67,27,BT549,0
92,60,BT549,0
31,45,BT549,0
67,194,BT549,0
66,86,BT549,0
39,24,BT549,0
25,61,BT549,0
27,43,BT549,0
69,77,BT549,1
59,103,BT549,0
80,27,BT549,1
183,130,A549,0
144,124,BT549,1
52,41,BT549,0
62,94,BT549,0
3,49,BT549,0
28,34,BT549,0
58,32,HS578T,1
113,59,BT549,0
27,50,BT549,1
52,45,BT549,0
162,62,BT549,0
49,81,BT549,0
117,100,MDAMB468,0
127,71,KPL1,0
78,55,BT549,1
104,165,BT549,1
127,173,KPL1,0
109,4,BT549,0
103,43,BT549,0
180,176,BT549,0
40,20,BT549,0
90,139,BT549,0
67,9,BT549,1
41,109,BT549,1
59,44,BT549,0
30,89,BT549,0
195,73,BT549,1
63,194,BT549,0
104,195,BT549,1
25,46,BT549,1
73,194,BT549,0
161,170,MDAMB468,0
35,13,BT549,0
155,44,BT549,1
97,81,BT549,0
93,86,BT549,0
31,103,BT549,0
29,68,HS578T,1
79,194,BT549,1
90,103,BT549,1
193,40,BT549,0
193,92,BT549,1
87,27,BT549,0
31,18,BT549,0
175,160,KPL1,1
39,0,BT549,0
81,68,BT549,1
3,40,BT549,0
91,194,BT549,0
25,16,BT549,1
139,10,BT549,0
69,32,MCF7,0
118,170,MDAMB468,0
36,45,BT549,0
3,23,BT549,0
2,51,BT549,1
40,32,BT549,1
195,94,BT549,0
28,90,BT549,0
49,112,BT549,0
30,58,BT549,0
132,168,MDAMB468,1
111,163,KPL1,1
67,66,BT549,0
87,194,BT549,0
109,89,BT549,1
124,140,KPL1,0
31,5,BT549,0
35,108,BT549,0
35,53,BT549,0
65,3,BT549,0
172,183,A549,1
175,173,KPL1,0
76,32,BT549,0
33,64,BT549,0
10,27,BT549,1
155,69,BT549,0
162,2,BT549,0
79,84,BT549,0
161,59,BT549,0
61,86,BT549,0
155,23,BT549,1
67,77,BT549,0
21,46,BT549,0
0,61,BT549,0
79,81,BT549,0
176,124,BT549,1
64,4,BT549,0
24,66,HS578T,0
80,79,BT549,0
52,43,BT549,1
97,19,BT549,0
98,13,BT549,0
161,120,MDAMB468,0
52,50,BT549,1
77,19,HS578T,0
30,79,BT549,1
184,95,MDAMB468,0
104,161,BT549,1
36,16,BT549,0
111,62,BT549,0
192,120,MDAMB468,1
121,82,BT549,0
18,46,BT549,0
58,19,BT549,0
73,62,BT549,0
36,34,BT549,1
9,5,BT549,0
2,34,BT549,1
28,83,BT549,0
153,138,KPL1,0
10,84,BT549,0
67,21,BT549,1
33,177,BT549,0
163,83,KPL1,0
53,177,BT549,0
113,112,BT549,0
162,30,BT549,0
52,51,BT549,1
59,91,BT549,0
87,36,BT549,0
24,75,BT549,1
76,68,BT549,0
67,22,BT549,1
151,182,A549,1
47,27,BT549,0
105,36,BT549,0
22,32,BT549,0
55,8,BT549,0
195,177,BT549,0
67,94,BT549,0
91,68,BT549,0
61,77,BT549,0
44,4,BT549,0
121,62,BT549,0
4,53,BT549,0
105,111,BT549,0
133,141,KPL1,0
31,58,BT549,0
93,30,BT549,0
33,87,BT549,0
139,16,BT549,0
77,51,BT549,0
11,163,KPL1,0
91,37,BT549,0
28,78,BT549,1
72,119,MDAMB468,1
21,58,BT549,0
195,58,BT549,0
49,94,BT549,0
52,97,BT549,0
126,124,BT549,1
81,36,BT549,0
39,23,BT549,0
66,50,BT549,0
144,164,BT549,0
155,18,BT549,0
9,50,BT549,0
193,111,BT549,0
44,47,BT549,0
97,47,BT549,0
66,45,BT549,0
136,40,BT549,0
157,164,BT549,1
28,111,BT549,0
116,28,BT549,0
76,91,BT549,0
55,92,BT549,1
105,34,BT549,1
65,94,BT549,0
66,194,BT549,0
104,5,BT549,1
28,25,BT549,0
34,177,BT549,0
2,79,BT549,0
124,88,KPL1,1
49,37,BT549,0
48,111,BT549,1
52,55,BT549,1
145,129,KPL1,0
16,60,BT549,0
18,81,BT549,1
113,77,BT549,0
33,15,BT549,0
66,84,BT549,0
51,75,BT549,1
16,34,BT549,1
25,34,BT549,1
153,150,KPL1,0
136,58,BT549,1
153,83,KPL1,1
175,70,KPL1,1
161,80,BT549,0
58,86,BT549,0
90,177,BT549,0
104,112,BT549,1
127,111,KPL1,0
52,93,BT549,1
93,47,BT549,1
60,40,BT549,0
145,158,KPL1,0
33,50,BT549,1
105,177,BT549,1
28,60,BT549,1
2,23,BT549,0
115,161,MDAMB468,0
0,60,BT549,0
58,36,BT549,0
92,79,BT549,0
40,89,BT549,1
24,58,BT549,0
155,52,BT549,0
195,80,BT549,1
62,83,BT549,0
69,112,BT549,0
58,83,BT549,0
79,27,BT549,0
118,57,MDAMB468,0
194,53,BT549,0
116,21,BT549,0
43,177,BT549,1
126,151,BT549,1
175,128,KPL1,1
93,76,BT549,0
193,66,BT549,0
192,100,MDAMB468,0
194,43,BT549,0
28,29,BT549,0
23,51,BT549,0
161,30,BT549,0
21,49,BT549,1
58,112,BT549,0
36,7,BT549,0
41,13,BT549,0
49,31,BT549,0
116,98,BT549,0
55,31,BT549,0
5,64,BT549,1
68,8,BT549,1
58,40,BT549,0
67,30,BT549,1
158,190,A549,1
155,35,BT549,0
45,20,BT549,1
119,117,MDAMB468,0
111,24,BT549,1
41,34,BT549,1
52,24,BT549,1
25,194,BT549,0
45,177,BT549,0
95,132,MDAMB468,0
41,40,BT549,1
155,161,BT549,1
28,4,BT549,1
27,4,BT549,0
21,83,BT549,0
98,4,BT549,0
59,107,BT549,0
28,32,BT549,0
55,21,BT549,0
116,30,BT549,0
37,53,BT549,1
68,89,BT549,1
55,7,HS578T,0
60,7,BT549,0
113,76,BT549,0
119,118,MDAMB468,0
193,4,BT549,1
52,59,BT549,0
65,143,KPL1,0
139,86,BT549,0
18,93,BT549,0
23,112,BT549,0
97,27,BT549,0
0,83,BT549,0
111,86,BT549,1
82,46,BT549,0
97,41,BT549,0
44,39,BT549,0
10,177,BT549,0
9,49,BT549,0
67,108,BT549,0
18,19,BT549,0
90,60,BT549,0
161,111,BT549,0
33,7,BT549,0
77,34,BT549,0
65,162,BT549,1
31,77,BT549,0
44,50,BT549,0
18,194,BT549,1
5,27,BT549,0
76,19,BT549,0
124,160,KPL1,0
121,23,BT549,0
28,193,BT549,0
139,87,BT549,0
5,112,BT549,0
52,4,BT549,0
84,27,HS578T,0
40,112,BT549,0
155,25,BT549,0
80,61,BT549,0
84,2,BT549,0
41,43,BT549,0
75,86,BT549,0
139,52,BT549,0
41,94,BT549,0
193,177,BT549,0
55,98,BT549,0
29,60,BT549,0
87,84,BT549,0
39,10,BT549,1
151,124,BT549,1
33,82,BT549,0
110,170,MDAMB468,0
18,7,BT549,0
113,177,BT549,0
37,32,BT549,0
139,32,BT549,1
172,130,A549,0
90,37,BT549,0
105,75,BT549,1
162,107,BT549,0
153,111,KPL1,0
34,89,BT549,1
110,132,MDAMB468,0
127,156,KPL1,1
123,117,MDAMB468,0
72,110,MDAMB468,0
2,91,BT549,0
66,105,BT549,0
48,112,BT549,1
108,73,BT549,0
64,13,BT549,0
3,7,BT549,0
170,132,MDAMB468,0
195,89,BT549,1
120,168,MDAMB468,0
55,91,BT549,0
175,163,BT549,1
55,32,BT549,0
84,58,BT549,0
2,18,BT549,0
80,68,HS578T,0
161,39,BT549,0
59,23,BT549,1
24,46,BT549,0
133,134,KPL1,0
155,104,BT549,1
104,64,BT549,0
161,66,BT549,0
108,51,BT549,0
152,132,MDAMB468,1
136,83,BT549,0
52,112,BT549,1
81,47,BT549,0
48,13,BT549,0
2,43,BT549,0
22,81,BT549,0
3,37,BT549,0
81,43,BT549,0
113,18,BT549,1
155,87,BT549,0
195,109,BT549,0
193,69,BT549,0
28,139,BT549,0
9,51,BT549,0
112,75,BT549,0
59,45,BT549,0
16,30,BT549,0
48,165,BT549,0
162,84,BT549,0
49,89,BT549,1
97,9,BT549,0
44,30,BT549,0
41,23,BT549,0
78,154,BT549,0
62,37,BT549,0
79,112,BT549,0
98,76,BT549,0
193,75,BT549,1
90,8,BT549,0
59,29,BT549,0
124,141,KPL1,0
2,32,BT549,0
127,179,KPL1,1
195,4,BT549,0
28,105,BT549,0
49,64,BT549,0
18,89,BT549,0
61,7,BT549,1
108,13,BT549,0
136,87,BT549,1
63,111,BT549,0
98,34,BT549,0
115,184,MDAMB468,1
67,2,BT549,0
136,48,BT549,0
44,80,BT549,0
116,13,BT549,0
77,27,BT549,0
116,47,BT549,1
21,68,HS578T,0
59,21,BT549,0
162,29,BT549,0
27,34,BT549,0
63,103,BT549,0
139,121,BT549,0
21,62,BT549,1
36,40,BT549,0
65,8,BT549,0
22,86,BT549,1
2,89,BT549,1
84,19,BT549,0
44,34,BT549,0
139,136,BT549,1
139,84,BT549,1
22,37,BT549,0
52,19,BT549,0
193,80,BT549,0
109,86,BT549,1
97,92,BT549,1
149,124,KPL1,1
104,46,BT549,0
162,4,BT549,0
61,111,BT549,0
108,91,BT549,0
82,20,BT549,0
163,146,KPL1,0
5,93,BT549,0
49,84,BT549,0
49,103,BT549,0
44,60,BT549,0
193,61,BT549,0
67,20,BT549,1
0,69,BT549,0
136,30,BT549,0
154,20,BT549,0
3,24,BT549,0
39,13,BT549,0
67,92,HS578T,1
161,2,BT549,0
0,93,BT549,0
47,7,BT549,0
113,51,BT549,0
119,168,MDAMB468,0
153,151,BT549,1
67,49,BT549,1
121,68,BT549,0
67,39,BT549,0
103,60,BT549,0
121,83,BT549,0
47,75,BT549,0
22,97,BT549,1
139,29,BT549,0
5,4,BT549,0
31,68,BT549,0
113,195,BT549,1
90,49,BT549,0
104,42,ZR751,0
3,31,BT549,0
36,68,BT549,0
66,35,BT549,0
162,0,BT549,0
25,48,BT549,1
123,132,MDAMB468,1
163,128,KPL1,0
121,45,BT549,0
39,4,BT549,0
91,60,BT549,1
139,41,BT549,0
35,8,BT549,0
153,156,KPL1,1
104,52,BT549,0
133,169,KPL1,0
16,97,BT549,0
73,86,BT549,0
15,76,BT549,0
90,32,BT549,0
52,20,BT549,0
58,43,BT549,0
118,110,MDAMB468,0
113,7,BT549,0
25,93,BT549,0
131,1,A549,0
59,10,BT549,1
98,27,BT549,0
21,105,BT549,0
161,15,BT549,0
59,64,BT549,1
121,64,BT549,0
8,83,BT549,0
116,75,BT549,0
98,69,BT549,1
108,43,BT549,0
16,2,BT549,0
2,154,BT549,1
0,105,BT549,0
3,34,BT549,0
52,23,BT549,1
58,7,BT549,0
10,63,BT549,0
193,0,BT549,0
60,13,BT549,0
0,27,BT549,0
24,94,BT549,0
145,141,KPL1,0
139,193,BT549,0
67,41,BT549,0
16,62,BT549,0
104,55,BT549,0
63,91,BT549,0
47,83,BT549,0
28,48,BT549,0
49,46,BT549,0
25,18,BT549,0
25,3,BT549,0
175,11,KPL1,0
155,64,BT549,0
116,44,BT549,0
193,53,BT549,0
28,40,BT549,0
33,8,BT549,0
118,159,MDAMB468,0
116,66,BT549,0
161,81,BT549,0
63,94,BT549,0
28,113,BT549,1
44,31,BT549,1
73,43,BT549,0
63,34,BT549,1
16,121,BT549,0
29,76,BT549,0
10,23,BT549,0
21,34,BT549,0
67,37,BT549,1
67,28,BT549,1
58,60,BT549,1
155,48,BT549,0
127,30,KPL1,0
139,39,BT549,0
24,61,BT549,1
52,94,BT549,0
80,0,BT549,0
104,27,BT549,1
113,41,BT549,0
10,4,BT549,0
104,79,BT549,0
97,33,BT549,0
65,7,BT549,0
40,27,BT549,0
41,80,BT549,0
79,7,BT549,1
48,68,BT549,1
175,74,KPL1,0
9,91,BT549,0
0,58,BT549,0
78,83,BT549,1
145,30,KPL1,1
93,5,BT549,1
90,27,BT549,0
80,94,BT549,0
153,160,KPL1,0
35,30,BT549,0
63,27,BT549,0
73,154,BT549,0
80,30,BT549,0
139,40,BT549,1
145,114,KPL1,0
189,144,BT549,0
111,177,BT549,1
162,40,BT549,1
93,68,BT549,1
49,154,BT549,0
28,23,BT549,1
108,68,BT549,0
161,44,BT549,0
161,62,BT549,1
133,163,BT549,0
136,194,BT549,1
29,69,BT549,1
116,4,BT549,0
90,112,BT549,0
162,5,BT549,0
82,36,BT549,0
136,75,BT549,1
87,13,BT549,0
24,37,BT549,0
35,81,BT549,0
139,78,BT549,1
69,66,BT549,0
75,83,BT549,0
59,177,BT549,0
55,193,BT549,0
28,79,BT549,0
121,80,BT549,0
55,50,BT549,0
36,43,BT549,0
161,25,BT549,0
0,194,BT549,0
145,71,KPL1,1
92,40,BT549,0
157,151,BT549,1
22,15,BT549,0
2,50,BT549,0
155,9,BT549,1
65,35,BT549,1
78,49,BT549,1
92,8,BT549,0
145,157,KPL1,1
65,90,BT549,0
186,1,A549,0
52,76,BT549,1
84,111,BT549,0
9,7,BT549,0
52,9,BT549,0
29,24,BT549,0
154,83,BT549,0
60,84,BT549,0
175,138,KPL1,0
39,16,BT549,0
94,84,BT549,0
194,32,BT549,1
78,59,BT549,1
155,21,BT549,1
21,94,BT549,0
136,93,BT549,1
195,91,BT549,0
115,100,MDAMB468,0
91,23,BT549,0
139,21,BT549,1
175,26,KPL1,0
59,84,BT549,0
48,94,BT549,0
123,152,MDAMB468,0
55,177,BT549,0
193,64,BT549,0
65,71,KPL1,0
28,109,BT549,0
36,22,BT549,0
48,79,BT549,0
103,5,BT549,0
29,32,BT549,0
52,84,BT549,0
79,89,BT549,0
161,20,BT549,0
13,4,BT549,1
93,23,BT549,0
188,101,HUH7,0
52,47,BT549,0
90,13,BT549,0
8,177,BT549,0
44,154,BT549,0
162,31,BT549,0
97,82,BT549,0
65,31,BT549,0
89,46,BT549,0
155,41,BT549,0
29,89,BT549,0
149,141,KPL1,1
31,61,BT549,0
37,83,BT549,0
154,53,BT549,0
15,53,BT549,1
15,49,BT549,0
103,77,BT549,0
3,5,BT549,0
76,66,BT549,0
90,91,BT549,0
87,50,BT549,1
41,93,BT549,0
78,103,BT549,1
3,94,BT549,0
10,98,BT549,0
139,104,BT549,0
161,97,BT549,0
79,66,BT549,0
186,164,BT549,1
31,69,BT549,0
5,94,BT549,0
49,69,BT549,0
113,33,BT549,0
180,164,BT549,0
33,84,BT549,0
23,83,BT549,0
43,34,BT549,0
163,181,BT549,1
133,176,BT549,0
0,75,BT549,0
15,79,BT549,0
22,50,BT549,0
36,195,BT549,0
161,76,BT549,1
193,39,BT549,0
73,81,BT549,0
22,21,BT549,1
78,63,BT549,0
153,30,KPL1,1
48,27,BT549,0
159,117,MDAMB468,0
113,25,BT549,0
78,34,BT549,1
161,82,BT549,0
87,83,BT549,0
78,66,BT549,0
116,7,BT549,0
22,46,BT549,0
32,83,BT549,0
159,120,MDAMB468,1
0,177,BT549,0
41,83,BT549,0
118,115,MDAMB468,1
22,34,BT549,1
20,75,BT549,0
37,20,BT549,0
47,89,BT549,1
153,139,KPL1,1
80,50,BT549,0
192,161,MDAMB468,0
89,8,BT549,1
21,35,BT549,0
118,119,MDAMB468,0
65,37,BT549,0
67,63,BT549,0
69,27,BT549,0
73,75,BT549,0
172,14,A549,1
29,53,BT549,0
22,30,BT549,1
22,4,BT549,0
80,111,BT549,1
33,46,BT549,0
193,37,BT549,0
39,30,BT549,1
64,40,BT549,0
136,76,BT549,1
27,19,BT549,0
98,43,BT549,1
27,177,BT549,0
121,75,BT549,1
124,111,KPL1,0
76,24,BT549,0
31,75,BT549,0
119,170,MDAMB468,0
25,121,BT549,0
35,107,BT549,0
77,83,BT549,0
93,53,BT549,0
33,41,BT549,0
145,128,KPL1,0
24,81,BT549,0
185,124,BT549,1
136,193,BT549,0
175,140,KPL1,1
178,19,BT549,1
65,26,KPL1,1
98,64,BT549,0
5,50,BT549,0
195,9,BT549,0
195,31,BT549,0
30,18,BT549,1
16,91,BT549,0
63,66,BT549,0
65,86,BT549,0
33,37,BT549,0
59,112,BT549,0
5,83,BT549,0
59,108,BT549,0
92,108,BT549,0
116,97,BT549,0
115,132,MDAMB468,1
109,43,BT549,0
92,194,BT549,0
10,33,BT549,0
193,165,BT549,1
155,20,BT549,1
82,105,BT549,0
87,23,BT549,0
113,23,BT549,1
21,154,BT549,0
45,34,BT549,0
28,24,BT549,1
59,90,BT549,0
87,109,BT549,0
104,4,BT549,1
155,19,HS578T,0
66,64,BT549,0
41,53,BT549,1
139,8,BT549,0
55,121,BT549,0
193,3,BT549,0
120,170,MDAMB468,0
35,41,BT549,1
78,194,BT549,0
57,120,MDAMB468,0
33,47,BT549,1
82,111,BT549,0
90,58,BT549,0
64,50,BT549,0
90,16,BT549,0
65,79,BT549,1
82,194,BT549,0
44,24,BT549,0
145,139,KPL1,1
78,64,BT549,0
25,47,BT549,0
66,51,BT549,0
3,105,BT549,0
105,7,BT549,0
162,154,BT549,0
139,90,BT549,0
40,86,BT549,0
20,89,BT549,0
195,103,BT549,1
59,76,BT549,0
32,75,BT549,1
82,58,BT549,0
18,61,BT549,0
109,79,BT549,0
29,112,BT549,0
115,95,MDAMB468,0
193,112,BT549,0
35,36,BT549,0
84,51,BT549,0
23,154,BT549,0
28,86,BT549,0
76,37,BT549,0
193,21,BT549,0
79,40,BT549,1
59,27,BT549,1
29,93,BT549,0
116,46,BT549,0
116,105,BT549,1
117,120,MDAMB468,1
22,41,BT549,0
48,64,BT549,0
60,89,BT549,0
25,89,BT549,1
155,47,BT549,0
32,4,BT549,1
172,158,A549,0
161,73,BT549,1
155,154,BT549,0
84,4,BT549,0
52,91,BT549,1
15,30,BT549,0
179,189,BT549,0
18,40,BT549,0
9,18,BT549,0
193,62,BT549,0
21,66,BT549,1
193,35,BT549,0
22,105,BT549,0
155,112,BT549,1
111,64,BT549,0
113,40,BT549,1
121,24,BT549,0
61,37,BT549,0
28,81,BT549,0
31,73,BT549,0
152,117,MDAMB468,0
155,194,BT549,0
92,7,BT549,0
90,39,BT549,0
10,62,BT549,0
119,132,MDAMB468,0
104,29,BT549,1
30,36,BT549,0
24,64,BT549,1
10,93,BT549,0
127,172,A549,1
41,64,BT549,0
55,86,BT549,0
44,3,BT549,1
154,8,BT549,1
29,30,BT549,0
0,98,BT549,0
30,20,BT549,0
3,53,BT549,0
113,67,BT549,0
36,193,BT549,0
3,165,BT549,0
44,98,BT549,0
2,194,BT549,0
155,81,BT549,0
133,111,KPL1,0
10,103,BT549,1
5,82,BT549,0
49,32,BT549,0
113,8,BT549,0
193,81,BT549,0
61,63,BT549,0
90,44,BT549,0
41,0,BT549,0
98,107,BT549,0
97,37,BT549,0
127,143,KPL1,0
78,4,BT549,1
52,92,BT549,1
65,46,HS578T,0
67,105,BT549,0
108,66,BT549,0
108,154,BT549,0
111,36,BT549,0
69,34,BT549,1
73,68,BT549,0
145,137,KPL1,1
67,84,BT549,0
195,35,BT549,0
136,139,BT549,0
59,3,BT549,1
49,79,BT549,1
48,16,BT549,1
20,46,BT549,0
31,194,BT549,1
2,37,BT549,1
18,177,BT549,0
81,79,BT549,1
139,82,BT549,0
63,83,BT549,0
3,19,BT549,0
153,62,KPL1,1
124,138,KPL1,0
104,108,BT549,0
92,46,BT549,0
113,55,BT549,0
94,86,BT549,0
175,186,MCF7,1
58,23,BT549,1
30,46,BT549,0
92,15,BT549,1
45,75,BT549,1
5,61,BT549,0
44,73,MCF7,0
22,108,BT549,0
139,46,BT549,0
90,121,BT549,0
16,107,BT549,0
78,139,BT549,0
3,15,BT549,0
84,105,BT549,0
93,64,BT549,0
62,75,BT549,0
28,62,BT549,0
22,18,BT549,0
77,86,BT549,0
40,43,BT549,1
18,51,BT549,0
39,35,BT549,0
55,111,BT549,1
84,46,BT549,0
62,58,BT549,0
80,46,BT549,0
78,89,BT549,1
13,154,BT549,0
161,61,BT549,0
155,37,BT549,0
16,46,BT549,1
35,51,BT549,0
44,63,BT549,0
98,24,BT549,0
90,20,BT549,0
136,29,BT549,1
35,43,BT549,0
47,53,BT549,0
93,32,BT549,0
16,194,BT549,0
62,66,BT549,0
73,66,BT549,0
28,97,BT549,0
195,41,BT549,0
65,151,KPL1,0
27,83,BT549,0
44,9,BT549,0
21,111,BT549,0
162,109,BT549,0
104,97,BT549,0
94,64,BT549,1
33,53,BT549,1
18,20,BT549,0
92,33,BT549,1
59,93,BT549,0
59,165,BT549,0
66,49,BT549,0
192,110,MDAMB468,1
67,3,BT549,0
115,119,MDAMB468,1
7,13,BT549,0
84,63,BT549,0
37,154,BT549,0
136,67,BT549,1
116,3,BT549,0
21,60,BT549,1
104,103,BT549,1
10,32,BT549,0
44,177,BT549,0
21,82,BT549,0
0,30,BT549,0
64,154,BT549,0
108,75,BT549,0
78,30,BT549,1
68,66,BT549,1
29,5,BT549,0
39,5,BT549,0
30,112,BT549,0
67,46,HS578T,0
116,23,BT549,0
68,177,BT549,1
67,45,BT549,0
194,46,BT549,0
81,177,BT549,1
193,84,BT549,0
76,83,BT549,0
39,50,BT549,0
9,76,BT549,0
87,63,BT549,0
7,45,BT549,0
9,73,BT549,0
59,33,BT549,0
59,87,BT549,0
7,34,BT549,0
127,158,KPL1,0
22,39,BT549,0
25,33,BT549,0
64,27,BT549,0
44,27,BT549,1
9,23,BT549,0
152,95,MDAMB468,0
64,20,BT549,0
33,24,BT549,0
44,109,BT549,0
194,83,BT549,0
133,128,KPL1,1
161,9,BT549,1
69,8,BT549,0
29,94,BT549,0
124,157,KPL1,0
113,53,BT549,0
163,135,KPL1,1
0,15,BT549,0
104,134,ZR751,0
98,58,BT549,0
41,2,BT549,0
104,194,BT549,0
118,184,MDAMB468,0
36,97,BT549,0
113,86,BT549,1
9,61,BT549,0
139,64,BT549,0
116,35,BT549,0
28,46,BT549,1
18,50,BT549,1
105,68,BT549,0
52,154,BT549,0
47,23,BT549,0
47,37,HS578T,0
44,97,BT549,0
90,41,BT549,1
87,47,BT549,1
0,86,BT549,0
3,87,BT549,0
59,66,BT549,0
15,23,BT549,0
25,84,BT549,0
31,93,BT549,0
2,75,BT549,0
103,194,BT549,0
63,40,BT549,1
58,89,BT549,0
28,82,BT549,0
116,43,BT549,0
113,162,BT549,0
124,114,KPL1,1
87,61,BT549,0
80,107,BT549,0
104,48,BT549,0
116,78,BT549,1
61,45,BT549,0
65,108,BT549,1
21,80,BT549,0
133,150,KPL1,1
39,60,BT549,0
116,19,BT549,0
52,18,BT549,0
81,32,BT549,0
161,24,BT549,1
62,194,BT549,0
111,5,BT549,0
87,68,HS578T,0
61,32,BT549,0
48,154,BT549,0
25,139,BT549,0
113,90,BT549,0
78,108,BT549,1
31,154,BT549,0
90,81,BT549,0
64,58,BT549,0
118,123,MDAMB468,0
79,58,BT549,1
65,61,BT549,0
155,77,BT549,0
90,66,BT549,0
33,83,BT549,0
31,30,BT549,0
66,27,BT549,1
97,43,BT549,0
68,23,BT549,0
111,60,BT549,0
68,94,BT549,0
104,3,BT549,0
48,193,BT549,0
94,27,BT549,0
97,4,BT549,0
76,13,HS578T,0
52,89,BT549,1
139,24,BT549,1
139,69,BT549,0
34,8,BT549,0
158,54,A549,1
136,46,HS578T,1
22,139,BT549,0
108,177,BT549,0
25,91,BT549,0
65,81,BT549,0
136,86,BT549,1
90,19,BT549,0
48,37,BT549,0
115,159,MDAMB468,1
161,49,BT549,0
0,94,BT549,0
80,5,BT549,0
175,156,KPL1,0
34,53,BT549,0
145,83,KPL1,1
3,62,BT549,0
108,20,BT549,0
63,32,BT549,0
36,78,BT549,0
3,21,BT549,0
111,75,BT549,0
113,39,BT549,1
22,93,BT549,0
0,109,BT549,0
53,83,BT549,0
98,109,BT549,0
92,31,BT549,0
15,111,BT549,0
67,5,BT549,0
90,87,BT549,0
35,75,BT549,0
93,4,BT549,0
87,7,BT549,0
3,73,BT549,1
80,77,HS578T,0
58,13,BT549,0
63,24,BT549,0
123,120,MDAMB468,0
3,81,BT549,0
29,27,BT549,0
55,27,BT549,1
13,8,BT549,0
172,163,KPL1,1
30,62,BT549,0
52,0,BT549,0
161,46,BT549,0
2,103,BT549,0
55,64,BT549,0
22,193,BT549,0
97,18,BT549,0
67,15,BT549,0
195,27,BT549,1
15,93,BT549,0
116,5,BT549,0
7,75,BT549,0
9,40,BT549,0
18,75,BT549,1
94,4,BT549,0
41,15,BT549,1
59,193,BT549,1
108,112,BT549,1
155,83,BT549,0
28,84,BT549,0
36,162,BT549,0
67,97,BT549,0
39,18,BT549,0
21,109,BT549,0
104,80,BT549,0
62,13,BT549,0
61,107,BT549,0
97,177,BT549,0
80,108,BT549,0
22,13,BT549,1
0,19,BT549,0
113,62,BT549,1
193,93,BT549,0
105,51,BT549,0
151,163,KPL1,0
161,155,BT549,0
81,13,BT549,1
79,32,BT549,0
41,105,BT549,0
116,67,BT549,0
113,28,BT549,1
119,161,MDAMB468,0
39,154,BT549,0
69,154,HS578T,0
22,154,BT549,0
93,34,BT549,0
105,64,BT549,0
92,58,BT549,0
4,112,BT549,0
10,0,BT549,0
77,75,BT549,0
69,64,MCF7,0
98,86,BT549,0
67,7,BT549,0
35,80,BT549,0
78,47,BT549,0
91,53,BT549,0
27,32,BT549,0
66,94,BT549,0
43,154,BT549,0
94,177,BT549,0
73,45,BT549,1
155,98,BT549,1
73,64,BT549,0
136,35,BT549,0
67,76,BT549,1
80,63,BT549,0
55,75,BT549,0
64,34,BT549,0
28,161,BT549,0
162,23,BT549,0
193,31,BT549,0
104,83,BT549,0
94,194,BT549,0
91,8,BT549,0
97,75,BT549,0
113,30,BT549,1
116,84,BT549,0
62,77,BT549,0
154,112,BT549,0
155,105,BT549,0
139,194,BT549,0
73,77,BT549,0
5,66,HS578T,0
161,109,BT549,0
21,63,BT549,0
28,177,BT549,0
67,55,BT549,0
104,65,BT549,0
126,164,BT549,0
153,26,KPL1,1
44,13,BT549,0
175,169,KPL1,0
33,73,BT549,0
10,76,BT549,0
103,18,BT549,0
108,24,BT549,0
127,99,KPL1,1
60,68,BT549,0
5,32,BT549,0
44,40,BT549,0
28,77,BT549,0
3,194,BT549,1
40,51,BT549,1
29,82,BT549,0
48,8,BT549,0
78,75,BT549,1
22,33,BT549,0
155,139,BT549,1
2,109,BT549,1
161,22,BT549,1
84,45,BT549,0
80,76,BT549,0
116,165,BT549,0
23,50,BT549,0
121,20,BT549,0
124,99,KPL1,0
15,177,BT549,0
67,16,BT549,1
175,71,KPL1,1
65,13,BT549,0
65,68,BT549,1
194,154,BT549,0
29,34,BT549,0
104,137,ZR751,0
139,50,BT549,1
48,66,BT549,0
162,32,BT549,0
52,73,BT549,1
119,159,MDAMB468,0
104,173,ZR751,0
10,61,BT549,0
136,32,BT549,1
3,33,BT549,0
3,98,BT549,0
139,25,BT549,0
87,8,BT549,0
81,5,BT549,0
194,75,BT549,0
116,15,BT549,0
37,46,BT549,1
34,23,BT549,0
127,174,KPL1,0
153,189,BT549,1
52,21,BT549,1
63,13,BT549,0
41,29,BT549,0
68,51,BT549,0
60,86,BT549,0
49,7,BT549,0
28,63,BT549,0
145,134,KPL1,0
48,18,BT549,0
41,31,BT549,0
153,70,KPL1,0
183,17,A549,0
29,73,BT549,0
108,77,BT549,0
55,47,BT549,0
18,83,HS578T,0
91,20,BT549,0
109,20,BT549,0
92,49,BT549,0
161,0,BT549,0
44,61,BT549,0
25,69,BT549,0
0,111,BT549,0
33,91,BT549,0
75,19,BT549,0
90,109,BT549,0
39,34,BT549,1
97,5,BT549,0
25,82,BT549,1
67,51,BT549,0
94,43,BT549,0
87,103,BT549,0
195,44,BT549,0
41,37,BT549,0
29,47,BT549,0
44,29,BT549,0
68,40,BT549,0
116,82,BT549,0
92,154,MCF7,0
113,46,BT549,0
113,47,BT549,0
84,77,BT549,0
33,35,BT549,0
121,63,BT549,0
104,58,BT549,1
92,69,BT549,1
52,75,BT549,1
58,37,BT549,0
43,8,BT549,0
16,73,HS578T,1
98,82,BT549,0
18,37,BT549,0
81,69,BT549,1
139,53,BT549,0
175,171,MCF7,0
49,111,BT549,0
33,62,BT549,1
161,139,BT549,1
67,62,BT549,0
163,156,KPL1,0
145,150,KPL1,0
81,105,BT549,0
195,64,BT549,0
193,86,BT549,1
52,33,BT549,1
3,60,BT549,0
65,15,BT549,0
36,23,BT549,0
104,40,BT549,1
44,165,BT549,1
108,86,BT549,0
33,79,BT549,0
155,103,BT549,1
80,34,BT549,0
36,86,BT549,1
105,66,BT549,0
20,19,BT549,0
121,93,BT549,0
30,19,BT549,0
50,154,BT549,0
105,194,BT549,0
16,61,BT549,0
92,86,BT549,1
116,39,BT549,0
152,100,MDAMB468,0
116,31,BT549,0
145,143,KPL1,1
0,4,BT549,0
28,44,BT549,0
4,177,BT549,0
15,108,BT549,0
28,116,BT549,0
183,149,A549,0
155,76,BT549,1
55,81,BT549,0
195,92,BT549,1
163,176,BT549,1
32,19,BT549,0
13,53,BT549,0
105,53,BT549,1
65,98,BT549,0
67,19,HS578T,0
69,2,BT549,1
133,148,KPL1,0
22,3,BT549,0
3,91,BT549,0
90,73,BT549,1
39,91,BT549,0
44,83,BT549,0
136,66,BT549,0
139,2,BT549,0
79,34,BT549,1
55,77,BT549,0
98,81,BT549,1
25,76,BT549,0
41,77,BT549,0
93,112,BT549,0
57,168,MDAMB468,0
25,68,BT549,1
84,86,BT549,0
92,29,BT549,0
136,13,BT549,1
67,13,BT549,0
63,19,BT549,1
136,0,BT549,0
15,37,BT549,0
195,51,BT549,0
36,37,BT549,0
81,53,BT549,0
80,82,BT549,0
151,183,A549,0
31,20,BT549,0
184,168,MDAMB468,0
76,46,BT549,0
60,20,BT549,0
113,48,BT549,0
109,77,BT549,0
79,64,BT549,0
111,53,BT549,0
162,13,BT549,0
48,33,BT549,0
154,19,BT549,0
9,80,BT549,0
139,22,BT549,1
180,151,BT549,0
73,79,BT549,1
121,77,BT549,0
82,103,BT549,0
124,173,KPL1,0
20,83,MCF7,0
5,75,BT549,1
104,86,BT549,1
39,66,BT549,0
29,2,BT549,0
69,19,BT549,1
50,75,BT549,1
65,121,BT549,0
24,177,BT549,0
25,73,BT549,1
105,58,BT549,0
69,60,BT549,0
139,43,BT549,0
37,50,BT549,1
155,97,BT549,0
98,94,BT549,0
66,61,BT549,0
30,86,BT549,0
48,49,BT549,0
67,64,BT549,0
121,40,BT549,1
184,161,MDAMB468,0
41,73,BT549,0
3,108,BT549,0
69,194,BT549,1
53,112,BT549,0
31,34,BT549,0
92,68,BT549,0
84,36,BT549,0
90,89,BT549,1
120,100,MDAMB468,0
40,75,BT549,1
162,25,BT549,0
28,165,BT549,1
98,111,BT549,0
92,84,BT549,0
111,13,BT549,0
24,7,BT549,0
78,19,BT549,1
92,47,BT549,1
3,9,BT549,0
29,75,BT549,0
3,121,BT549,0
116,24,BT549,0
35,82,BT549,0
158,106,A549,1
35,62,BT549,0
55,30,BT549,0
162,112,BT549,1
34,4,BT549,0
65,55,BT549,1
5,84,BT549,0
155,136,BT549,1
28,45,BT549,0
36,27,BT549,0
98,61,BT549,1
87,64,BT549,0
9,2,BT549,0
193,60,BT549,0
193,79,BT549,0
66,37,BT549,0
76,53,BT549,0
5,30,BT549,0
66,8,BT549,0
60,64,BT549,0
163,191,KPL1,1
35,105,BT549,0
80,87,BT549,0
68,32,BT549,0
39,31,BT549,0
97,20,BT549,0
55,9,BT549,0
30,107,BT549,0
193,103,BT549,0
116,86,BT549,0
9,19,BT549,0
97,23,BT549,0
184,132,MDAMB468,0
136,52,BT549,0
39,177,BT549,0
80,112,BT549,0
67,165,BT549,0
121,97,BT549,0
30,51,BT549,0
163,71,KPL1,1
105,62,BT549,0
59,94,BT549,0
35,2,BT549,1
117,168,MDAMB468,0
195,19,BT549,0
79,19,HS578T,0
62,89,BT549,0
16,45,BT549,0
32,43,BT549,0
45,51,BT549,1
112,177,BT549,0
15,31,BT549,0
195,69,BT549,0
139,58,BT549,1
44,46,BT549,1
21,19,BT549,0
59,105,BT549,0
37,40,BT549,0
104,154,BT549,1
93,108,BT549,0
154,4,BT549,0
104,150,ZR751,0
76,86,BT549,0
78,80,BT549,0
116,22,MCF7,0
113,155,BT549,0
37,43,BT549,0
87,75,BT549,0
118,72,MDAMB468,0
84,64,BT549,1
57,95,MDAMB468,0
124,139,KPL1,0
44,18,BT549,0
98,60,BT549,1
0,34,BT549,1
23,86,BT549,0
195,194,BT549,0
172,106,A549,1
15,103,BT549,0
33,49,BT549,0
37,86,BT549,1
80,73,BT549,0
92,20,BT549,0
118,192,MDAMB468,0
65,137,KPL1,1
153,124,BT549,1
22,61,BT549,0
108,64,BT549,0
60,5,BT549,0
193,76,BT549,0
77,50,BT549,0
84,103,BT549,0
109,40,BT549,0
66,13,BT549,0
195,34,BT549,1
65,18,BT549,0
62,157,KPL1,1
28,61,BT549,1
153,176,BT549,1
113,31,BT549,0
63,60,BT549,0
104,140,ZR751,1
18,112,BT549,0
20,4,BT549,0
81,109,BT549,1
115,152,MDAMB468,0
111,32,BT549,0
48,75,BT549,0
55,60,BT549,0
48,46,BT549,1
55,83,BT549,0
62,2,BT549,0
195,90,BT549,0
50,53,BT549,0
35,61,BT549,0
34,20,BT549,0
52,61,BT549,0
59,24,BT549,1
136,105,BT549,0
91,84,BT549,0
68,64,BT549,0
48,87,BT549,0
133,26,KPL1,0
195,93,BT549,0
22,62,BT549,1
68,19,BT549,0
136,68,BT549,0
161,89,BT549,0
81,75,BT549,0
161,33,BT549,0
66,23,BT549,0
91,30,BT549,1
33,109,BT549,0
93,107,BT549,0
18,82,BT549,0
48,20,BT549,0
97,62,BT549,0
161,121,BT549,0
45,19,BT549,0
79,108,BT549,0
159,95,MDAMB468,0
139,93,BT549,0
65,179,HCC1187,0
58,194,BT549,0
104,59,BT549,1
27,45,BT549,0
48,105,BT549,0
104,148,ZR751,0
92,18,BT549,0
92,75,BT549,0
41,47,BT549,0
47,79,BT549,1
136,47,BT549,0
80,31,BT549,0
80,177,BT549,1
67,69,BT549,0
2,36,BT549,1
48,7,BT549,0
90,3,BT549,0
50,89,BT549,0
124,83,KPL1,0
162,79,BT549,1
65,109,BT549,1
55,84,BT549,0
193,91,BT549,0
0,107,BT549,0
90,10,BT549,0
116,59,BT549,0
44,2,BT549,0
136,27,BT549,0
78,109,BT549,1
34,112,BT549,0
179,175,BT549,0
81,108,BT549,0
87,76,BT549,0
41,108,BT549,1
139,13,BT549,0
36,8,BT549,0
180,157,BT549,1
116,107,BT549,0
9,15,BT549,0
77,37,BT549,0
31,36,BT549,0
145,146,KPL1,0
82,32,BT549,0
78,91,BT549,1
104,20,BT549,1
33,4,BT549,1
193,109,BT549,0
92,83,MCF7,0
108,60,BT549,0
22,91,BT549,0
36,121,BT549,0
116,60,BT549,0
47,69,HS578T,0
108,58,BT549,0
68,13,HS578T,1
44,86,BT549,1
133,157,BT549,0
44,193,BT549,1
78,27,BT549,1
44,53,BT549,0
136,9,BT549,1
115,170,MDAMB468,1
25,83,BT549,0
2,58,BT549,0
145,11,KPL1,1
10,165,BT549,0
10,81,BT549,0
153,169,KPL1,0
65,191,KPL1,0
3,103,BT549,0
55,0,BT549,1
61,109,BT549,0
47,91,BT549,0
73,105,BT549,1
72,57,MDAMB468,0
28,59,BT549,0
187,124,A549,1
113,161,BT549,1
48,121,BT549,1
79,91,BT549,1
155,15,BT549,0
133,191,KPL1,0
118,95,MDAMB468,0
113,49,BT549,1
39,79,BT549,0
11,157,KPL1,1
82,19,BT549,0
25,22,BT549,0
10,108,BT549,0
184,152,MDAMB468,0
24,60,BT549,1
121,2,BT549,0
153,135,KPL1,0
175,139,KPL1,1
29,61,BT549,0
37,27,BT549,0
111,109,BT549,1
183,182,A549,1
32,34,BT549,0
193,68,BT549,0
109,32,BT549,0
36,48,BT549,0
96,101,HUH7,1
180,175,BT549,1
104,22,BT549,1
104,160,ZR751,0
82,89,BT549,0
177,86,BT549,0
121,0,BT549,0
33,98,BT549,0
59,77,BT549,1
9,46,BT549,0
18,79,BT549,1
41,19,BT549,0
112,19,BT549,0
67,50,BT549,1
52,29,BT549,1
28,3,BT549,0
23,8,BT549,0
127,88,KPL1,0
97,83,BT549,0
62,7,BT549,1
55,53,BT549,0
105,154,BT549,0
45,154,BT549,0
113,94,BT549,0
175,30,KPL1,0
104,157,ZR751,1
25,39,BT549,0
23,46,BT549,0
32,46,BT549,0
52,66,BT549,0
31,109,BT549,0
9,31,BT549,0
5,89,BT549,1
93,89,BT549,0
163,99,KPL1,1
109,34,BT549,1
16,64,BT549,0
35,5,BT549,0
65,60,BT549,0
155,68,BT549,0
30,37,BT549,0
15,46,BT549,0
192,159,MDAMB468,0
87,24,BT549,1
76,60,BT549,0
184,117,MDAMB468,0
9,32,BT549,0
52,68,BT549,1
195,29,BT549,0
155,40,BT549,1
21,5,BT549,1
33,108,BT549,1
29,18,BT549,0
162,86,BT549,0
21,89,BT549,0
82,27,BT549,0
47,107,BT549,0
63,4,BT549,1
15,8,BT549,1
90,47,BT549,0
33,43,BT549,0
39,62,BT549,0
82,75,BT549,0
139,5,BT549,0
139,113,BT549,1
193,16,BT549,0
33,58,BT549,0
65,112,BT549,1
23,177,BT549,0
186,48,A549,0
161,195,BT549,1
172,17,A549,1
58,8,BT549,1
77,60,BT549,0
145,42,KPL1,1
27,51,BT549,0
90,63,BT549,1
59,50,BT549,0
73,20,BT549,0
47,64,HS578T,0
10,5,BT549,0
113,50,BT549,1
76,94,BT549,0
108,18,BT549,0
3,92,BT549,1
87,46,BT549,0
48,40,BT549,1
67,79,BT549,0
161,68,BT549,1
62,164,KPL1,1
111,23,BT549,0
61,154,BT549,0
28,67,BT549,1
30,109,BT549,1
87,79,BT549,1
44,16,BT549,0
9,108,BT549,0
61,84,BT549,0
36,19,BT549,0
77,94,BT549,0
139,49,BT549,1
63,64,BT549,0
48,29,BT549,0
67,75,BT549,1
103,46,BT549,0
60,46,BT549,0
80,40,BT549,1
77,23,BT549,0
87,77,BT549,1
108,23,BT549,0
80,69,BT549,0
153,134,KPL1,0
51,46,BT549,0
139,111,BT549,0
67,83,BT549,0
28,51,BT549,0
104,182,A549,0
76,62,BT549,0
62,34,BT549,0
67,52,BT549,0
63,109,BT549,1
82,43,BT549,0
34,46,BT549,0
103,8,BT549,1
161,194,BT549,1
44,45,BT549,0
155,16,BT549,0
61,108,BT549,0
16,31,BT549,0
29,154,BT549,0
155,82,BT549,0
47,45,BT549,1
62,177,HS578T,0
111,164,KPL1,1
59,2,BT549,1
37,34,BT549,0
49,47,BT549,0
136,80,BT549,0
121,32,BT549,0
161,87,BT549,0
34,154,BT549,0
79,30,BT549,0
44,8,BT549,1
78,15,BT549,0
133,189,BT549,0
108,111,BT549,0
59,32,BT549,0
3,64,BT549,0
78,9,BT549,1
104,162,BT549,0
48,63,BT549,0
115,117,MDAMB468,0
15,68,BT549,0
109,27,BT549,0
87,40,BT549,0
72,152,MDAMB468,0
155,5,BT549,1
80,36,BT549,0
105,27,BT549,0
104,31,BT549,0
36,60,BT549,0
96,188,HUH7,0
7,50,BT549,0
65,49,BT549,0
52,27,BT549,1
28,31,BT549,0
105,19,BT549,1
37,19,BT549,1
25,19,BT549,0
104,35,BT549,0
98,108,BT549,0
28,7,BT549,0
44,103,BT549,1
162,48,BT549,0
9,154,BT549,0
16,68,BT549,0
59,22,BT549,1
136,55,BT549,0
21,2,BT549,0
78,87,BT549,0
55,58,BT549,0
82,108,BT549,0
155,30,BT549,1
108,107,BT549,0
82,13,BT549,0
52,109,BT549,0
65,129,KPL1,0
3,2,BT549,0
18,154,BT549,1
67,87,BT549,0
97,31,BT549,0
90,29,BT549,0
39,33,BT549,0
29,36,BT549,0
61,8,BT549,0
136,89,BT549,0
2,45,BT549,0
193,43,BT549,1
33,94,BT549,0
97,111,BT549,1
62,154,BT549,0
179,157,BT549,0
52,83,BT549,0
44,35,BT549,0
153,11,KPL1,0
145,148,KPL1,0
194,45,BT549,0
44,91,BT549,0
33,86,BT549,0
69,68,HS578T,0
58,109,BT549,0
