pubchem_id1,g_id1,pubchem_id2,g_id2,cell_line,label
11683,43,38904,48,BT549,0
3950,22,3902,21,BT549,1
71384,58,40926,49,BT549,0
123631,64,241902,78,BT549,1
2708,10,457193,91,BT549,1
25136944,160,96312,60,BT549,0
6442177,110,4211,24,BT549,1
354624,80,123608,63,BT549,0
5360373,108,2187,5,BT549,1
126941,65,644241,92,BT549,0
104842,62,5360373,108,BT549,1
11488320,131,11656518,138,KPL1,1
3367,15,9703,42,BT549,0
96312,60,5352062,107,BT549,0
11152667,125,2733526,98,KPL1,1
10184653,124,52913813,173,BT549,1
104741,61,123608,63,BT549,0
644241,92,148121,67,BT549,1
3367,15,5394,31,BT549,0
71384,58,2662,9,BT549,1
24964624,155,17755052,149,BT549,1
5453,33,2141,4,BT549,1
6450551,112,25126798,159,BT549,1
457193,91,40926,49,BT549,0
17755052,149,56655374,179,A549,1
6450551,112,400633,83,BT549,1
4842,27,5426,32,BT549,0
10184653,124,86661883,186,BT549,0
2187,5,32874,45,BT549,0
11525740,134,135401907,191,BT549,1
5426,32,5746,34,BT549,0
5799,36,60699,52,BT549,1
3950,22,2907,13,BT549,1
16659841,143,6918289,113,KPL1,0
1805,2,123608,63,BT549,0
1805,2,4114,23,BT549,0
123631,64,45375953,167,KPL1,0
71384,58,148121,67,BT549,0
451668,88,24197464,152,BT549,1
135398501,189,6419753,109,MDAMB468,1
11626560,137,96312,60,BT549,1
25136944,160,2723601,96,BT549,0
24978538,156,60700,53,A549,1
25227436,161,11520894,133,KPL1,1
4842,27,2478,7,BT549,1
3081361,103,441203,85,BT549,1
5453,33,2907,13,BT549,0
135398738,190,249332,79,BT549,0
3902,21,5799,36,BT549,1
5360373,108,6239,39,BT549,0
25126798,159,5035,28,BT549,1
3385,16,32874,45,BT549,1
11525740,134,3690,20,BT549,1
49847690,169,25227436,161,KPL1,1
23725625,151,11520894,133,KPL1,0
216326,77,5790,35,BT549,0
71384,58,6442177,110,BT549,0
123631,64,4261,26,KPL1,1
71384,58,2478,7,BT549,1
24776445,153,454216,90,BT549,1
23725625,151,17755052,149,BT549,1
135401907,191,2141,4,BT549,1
1550874,95,63009,55,HUH7,0
11626560,137,3902,21,BT549,1
51039095,172,2733526,98,KPL1,1
4211,24,60699,52,BT549,0
135398738,190,32874,45,BT549,0
3081361,103,5426,32,BT549,1
354624,80,68740,57,BT549,0
3950,22,249332,79,BT549,0
2708,10,5311,30,BT549,0
11626560,137,4211,24,BT549,1
9854073,115,216326,77,BT549,1
9854073,115,387447,82,BT549,1
3062316,102,5426,32,BT549,0
6450551,112,457193,91,BT549,1
23725625,151,387447,82,KPL1,1
6194,38,3690,20,BT549,0
400633,83,176871,74,BT549,0
11626560,137,452548,89,BT549,0
56946894,180,56655374,179,A549,1
25126798,159,2733525,97,BT549,0
444795,86,148121,67,HS578T,0
644241,92,36314,46,BT549,1
444795,86,148124,68,BT549,1
454216,90,3685,19,BT549,1
11488320,131,5311,30,KPL1,0
4212,25,3062316,102,BT549,1
176871,74,441203,85,BT549,0
49847690,169,3461,17,A549,1
1546,0,356653,81,BT549,0
4212,25,3902,21,BT549,0
77082,59,2141,4,BT549,1
354624,80,451668,88,BT549,1
5035,28,132971,66,BT549,1
52913813,173,10127622,122,BT549,1
454216,90,2478,7,BT549,0
132971,66,40926,49,BT549,1
9854073,115,2723601,96,BT549,0
5035,28,5352062,107,BT549,0
452548,89,5746,34,BT549,1
23652660,150,2779853,99,MDAMB468,0
77082,59,126941,65,BT549,0
5394,31,2187,5,BT549,0
68740,57,3657,18,BT549,0
4212,25,208908,75,BT549,0
77082,59,54611422,174,BT549,0
9826528,114,9884685,118,MDAMB468,1
132971,66,5352062,107,BT549,0
452548,89,3685,19,BT549,0
452548,89,451668,88,BT549,1
2708,10,11626560,137,BT549,0
36314,46,5329102,106,BT549,0
3950,22,163659,72,BT549,1
163659,72,5935,37,BT549,0
6194,38,5426,32,BT549,0
62770,54,6442177,110,BT549,1
452548,89,3657,18,BT549,0
4211,24,96312,60,BT549,1
163659,72,57469,50,BT549,0
6252,40,104842,62,BT549,1
135410875,192,11683,43,BT549,0
208908,75,241902,78,BT549,1
2123,3,5935,37,BT549,0
68740,57,2141,4,BT549,0
4212,25,241902,78,BT549,1
25126798,159,441203,85,BT549,1
6450551,112,5394,31,BT549,0
11373846,130,44462758,166,MDAMB468,1
3081361,103,68740,57,BT549,1
9854073,115,444795,86,BT549,0
354624,80,135401907,191,BT549,1
24197464,152,6445540,111,BT549,0
5352062,107,6445540,111,BT549,1
60699,52,451668,88,BT549,1
457193,91,208908,75,BT549,1
24776445,153,6442177,110,BT549,0
5935,37,2907,13,BT549,0
9927978,120,3685,19,BT549,0
57469,50,451668,88,BT549,0
241902,78,54611422,174,BT549,1
123631,64,176167,73,KPL1,1
11152667,125,11625818,136,KPL1,0
444795,86,2578,8,BT549,0
25227436,161,16654980,142,BT549,1
24776445,153,3367,15,BT549,0
71384,58,5291,29,BT549,0
2123,3,60699,52,BT549,0
96312,60,400633,83,BT549,0
11525740,134,2141,4,BT549,1
123631,64,36314,46,BT549,0
3081361,103,1546,0,BT549,0
5360373,108,24197464,152,BT549,1
5291,29,4114,23,BT549,0
9854073,115,6442177,110,BT549,1
9854073,115,148121,67,BT549,1
135410875,192,5746,34,BT549,1
5035,28,3902,21,BT549,1
25227436,161,24964624,155,KPL1,1
36314,46,1805,2,BT549,1
6450551,112,62770,54,BT549,0
38904,48,387447,82,BT549,1
3902,21,5935,37,BT549,1
2733525,97,4842,27,BT549,0
51039095,172,49867930,171,KPL1,1
6450551,112,96312,60,BT549,0
9854073,115,42611257,163,BT549,0
3950,22,29327,44,BT549,0
123631,64,6445540,111,BT549,1
5352062,107,5360373,108,BT549,1
6194,38,5746,34,BT549,1
148121,67,2907,13,HS578T,1
25227436,161,148195,70,KPL1,1
104741,61,17755052,149,KPL1,1
60198,51,57469,50,BT549,1
2187,5,123608,63,BT549,1
241902,78,104842,62,BT549,0
6450551,112,3385,16,BT549,1
11152667,125,9444,41,KPL1,0
25136944,160,3657,18,BT549,0
51039095,172,25262792,162,BT549,1
5284616,104,216239,76,BT549,1
135410875,192,62770,54,BT549,1
11152667,125,56946894,180,A549,1
17755052,149,24964624,155,KPL1,1
457193,91,451668,88,BT549,1
208908,75,32874,45,BT549,0
9854073,115,1805,2,BT549,1
24776445,153,2578,8,BT549,0
123631,64,5311,30,BT549,1
454216,90,5284616,104,BT549,0
3367,15,444795,86,BT549,0
6450551,112,104741,61,BT549,1
11683,43,176871,74,BT549,1
5394,31,6239,39,BT549,0
38904,48,9703,42,BT549,0
4212,25,451668,88,BT549,1
356653,81,5311,30,BT549,1
163659,72,451668,88,BT549,1
2708,10,4842,27,BT549,1
11488320,131,11167602,126,KPL1,1
400633,83,2187,5,BT549,0
60198,51,2662,9,BT549,0
62770,54,454216,90,BT549,0
11626560,137,148124,68,BT549,0
132971,66,2733525,97,BT549,1
132971,66,77082,59,BT549,1
11488320,131,176167,73,KPL1,0
3081361,103,6239,39,BT549,1
9703,42,3690,20,BT549,1
6450551,112,3685,19,BT549,0
667490,93,5746,34,BT549,0
86661883,186,56649450,178,BT549,1
11525740,134,441203,85,BT549,1
123631,64,126941,65,BT549,1
135410875,192,163659,72,BT549,1
10127622,122,2719,11,KPL1,1
2733525,97,176871,74,HS578T,0
3950,22,441203,85,BT549,1
29327,44,57469,50,BT549,1
57469,50,60699,52,BT549,0
249332,79,5394,31,BT549,0
163659,72,60699,52,BT549,0
249332,79,2907,13,BT549,1
123631,64,3367,15,BT549,0
132971,66,2141,4,BT549,1
9854073,115,2708,10,MCF7,0
2907,13,54611422,174,BT549,0
25136944,160,6239,39,BT549,1
40926,49,176871,74,BT549,1
148121,67,6445540,111,BT549,1
57340686,181,6419753,109,MDAMB468,1
11525740,134,54611422,174,BT549,0
644241,92,104842,62,BT549,0
6442177,110,54611422,174,BT549,1
4212,25,2141,4,BT549,0
36462,47,5352062,107,BT549,1
49847690,169,56946894,180,A549,1
1546,0,60699,52,BT549,0
452548,89,249332,79,BT549,1
4211,24,32874,45,BT549,0
4211,24,77082,59,BT549,1
123631,64,163659,72,BT549,1
123631,64,5746,34,BT549,1
71384,58,5360373,108,BT549,0
49847690,169,1691,1,A549,1
241902,78,6239,39,BT549,1
25126798,159,104842,62,BT549,0
71384,58,216239,76,BT549,1
135398738,190,400633,83,BT549,0
135410875,192,32874,45,BT549,0
5935,37,40926,49,BT549,1
9927978,120,2907,13,BT549,0
135401907,191,32874,45,BT549,0
4842,27,135401907,191,BT549,1
1805,2,5360373,108,BT549,1
148124,68,77082,59,BT549,0
36462,47,451668,88,BT549,1
2708,10,3685,19,BT549,0
2478,7,29327,44,BT549,0
135398501,189,57340686,181,MDAMB468,1
38904,48,451668,88,BT549,1
11626560,137,77082,59,BT549,0
216326,77,1546,0,BT549,0
3367,15,4211,24,BT549,0
24776445,153,3081361,103,BT549,1
6252,40,60699,52,BT549,1
135410875,192,68740,57,BT549,0
62770,54,126941,65,BT549,1
3950,22,5360373,108,BT549,1
4842,27,2141,4,BT549,0
148121,67,9703,42,BT549,0
71384,58,6194,38,BT549,0
132971,66,11626560,137,BT549,1
11525740,134,241902,78,BT549,0
71384,58,135398738,190,BT549,1
5035,28,42611257,163,BT549,1
10184653,124,10127622,122,BT549,1
60198,51,3685,19,BT549,0
123631,64,5352062,107,BT549,1
11525740,134,163659,72,BT549,1
148121,67,126941,65,BT549,1
5035,28,1805,2,BT549,0
452548,89,1546,0,BT549,1
5291,29,2578,8,BT549,0
23652660,150,9926586,119,MDAMB468,1
104842,62,2478,7,BT549,1
25136944,160,354624,80,BT549,0
135410875,192,6239,39,BT549,1
5935,37,3690,20,BT549,0
3657,18,135401907,191,BT549,1
5035,28,40926,49,BT549,1
25023738,157,6419753,109,MDAMB468,1
60198,51,6442177,110,BT549,1
148121,67,54611422,174,BT549,1
216326,77,60198,51,BT549,1
2662,9,6239,39,BT549,0
6450551,112,4212,25,BT549,0
11152667,125,17754438,148,KPL1,0
3081361,103,123608,63,BT549,0
148121,67,29327,44,BT549,0
40926,49,54611422,174,BT549,1
135398738,190,6252,40,BT549,0
3081361,103,6194,38,BT549,1
57519543,182,52913813,173,BT549,1
3081361,103,5291,29,BT549,1
135410875,192,5311,30,BT549,0
132971,66,6442177,110,BT549,0
4212,25,356653,81,BT549,1
25136944,160,9927978,120,BT549,0
5284616,104,36314,46,BT549,0
2478,7,135401907,191,BT549,0
62770,54,1546,0,BT549,1
126941,65,176871,74,BT549,0
3081361,103,56655374,179,A549,0
2187,5,135401907,191,BT549,1
11683,43,5329102,106,BT549,0
6252,40,4842,27,BT549,1
25126798,159,3062316,102,BT549,1
11488320,131,16654980,142,BT549,0
54611489,175,3685,19,BT549,1
3081361,103,135398738,190,BT549,0
241902,78,1805,2,BT549,1
9926586,119,44462758,166,MDAMB468,0
3950,22,77082,59,BT549,0
62770,54,4211,24,BT549,0
216326,77,2578,8,BT549,1
5453,33,148124,68,BT549,0
135398738,190,2708,10,BT549,0
11626560,137,2578,8,BT549,0
9927978,120,54611422,174,BT549,0
5799,36,5746,34,BT549,1
6239,39,57469,50,BT549,1
5035,28,5284616,104,BT549,0
2123,3,176871,74,BT549,1
216326,77,9927978,120,BT549,1
25227436,161,52913813,173,BT549,1
6450551,112,6252,40,BT549,0
3081361,103,62770,54,BT549,0
96312,60,2141,4,BT549,0
60198,51,11683,43,BT549,0
2733525,97,400633,83,BT549,1
3902,21,4842,27,BT549,1
23725625,151,24964624,155,BT549,1
3385,16,5426,32,BT549,0
5360373,108,5746,34,BT549,1
2123,3,2907,13,BT549,0
5790,35,241902,78,BT549,0
5453,33,60699,52,BT549,1
3902,21,5746,34,BT549,0
104741,61,4114,23,BT549,0
36462,47,5291,29,BT549,0
135398738,190,5284616,104,BT549,0
1546,0,135401907,191,BT549,0
9854073,115,38904,48,BT549,0
11525740,134,3685,19,HS578T,1
2478,7,5746,34,BT549,0
3367,15,241902,78,BT549,0
9884685,118,9826528,114,MDAMB468,1
36462,47,6442177,110,BT549,1
96312,60,5284616,104,BT549,0
6194,38,5935,37,BT549,0
6450551,112,163659,72,BT549,1
5790,35,1805,2,BT549,1
4842,27,176871,74,BT549,0
25126798,159,3081361,103,BT549,1
444795,86,4211,24,BT549,1
2907,13,60699,52,BT549,0
3062316,102,5360373,108,BT549,1
16659841,143,4261,26,KPL1,1
6442177,110,24197464,152,BT549,1
5799,36,3685,19,BT549,0
148124,68,216239,76,BT549,1
667490,93,54611422,174,BT549,0
452548,89,163659,72,BT549,1
2187,5,451668,88,BT549,1
2723601,96,208908,75,BT549,0
62770,54,32874,45,BT549,0
123631,64,176871,74,BT549,1
6442177,110,3685,19,BT549,1
6194,38,24197464,152,BT549,0
644241,92,441203,85,BT549,0
5394,31,2907,13,BT549,1
457193,91,667490,93,HS578T,0
96312,60,60699,52,BT549,0
6450551,112,3081361,103,BT549,1
6450551,112,2733525,97,BT549,1
216326,77,6442177,110,BT549,1
123631,64,4114,23,BT549,0
25227436,161,2733526,98,KPL1,1
123608,63,6239,39,BT549,0
73265194,185,2800,12,HUH7,0
135410875,192,5352062,107,BT549,1
11525740,134,2662,9,BT549,1
1546,0,57469,50,BT549,0
71384,58,457193,91,BT549,1
5394,31,5291,29,BT549,0
68740,57,126941,65,BT549,0
216326,77,4842,27,BT549,1
49847690,169,36462,47,A549,1
667490,93,123608,63,BT549,1
5799,36,241902,78,BT549,1
10127622,122,176167,73,KPL1,0
5935,37,5426,32,BT549,0
3385,16,3685,19,BT549,1
452548,89,36314,46,BT549,0
5352062,107,3685,19,BT549,0
135398738,190,2733525,97,BT549,0
104741,61,2578,8,BT549,1
3690,20,2141,4,BT549,0
644241,92,2578,8,BT549,0
36462,47,135398738,190,BT549,0
2733525,97,454216,90,BT549,0
132971,66,3081361,103,BT549,1
2907,13,57469,50,BT549,1
1805,2,40926,49,BT549,0
208908,75,4114,23,BT549,1
51039095,172,11717001,140,KPL1,1
454216,90,2578,8,BT549,0
25136944,160,6194,38,BT549,0
66541,56,2779853,99,MDAMB468,1
135398738,190,2141,4,BT549,1
148121,67,441203,85,BT549,1
5311,30,5360373,108,BT549,1
452548,89,2187,5,BT549,0
1805,2,5935,37,BT549,1
3657,18,40926,49,BT549,1
148121,67,2578,8,BT549,1
2123,3,1805,2,BT549,0
5360373,108,29327,44,BT549,0
2733526,98,24964624,155,KPL1,1
644241,92,454216,90,BT549,0
6450551,112,5035,28,BT549,1
58423153,183,24964624,155,BT549,1
23725625,151,148195,70,KPL1,1
4212,25,3657,18,BT549,0
123631,64,6239,39,BT549,1
11626560,137,457193,91,BT549,1
6194,38,5284616,104,BT549,0
208908,75,5426,32,BT549,0
25126798,159,3657,18,BT549,1
6442177,110,441203,85,BT549,1
5453,33,5394,31,BT549,1
52913813,173,56649450,178,BT549,1
5453,33,444795,86,BT549,0
10127622,122,449459,87,KPL1,1
71384,58,2907,13,BT549,1
5453,33,1546,0,BT549,0
23725625,151,11707110,139,KPL1,1
444795,86,36314,46,BT549,1
5935,37,451668,88,BT549,1
216326,77,9703,42,BT549,1
135410875,192,3062316,102,BT549,1
5284616,104,24197464,152,BT549,0
3367,15,6445540,111,BT549,0
5360373,108,60699,52,BT549,1
667490,93,387447,82,BT549,0
11626560,137,5291,29,BT549,0
1550874,95,3005572,100,HUH7,1
457193,91,454216,90,BT549,1
11683,43,387447,82,BT549,0
51039095,172,104741,61,KPL1,1
6252,40,400633,83,BT549,0
2351,6,3005572,100,HUH7,0
16659841,143,45375953,167,KPL1,1
216326,77,29327,44,BT549,0
25023738,157,23652660,150,MDAMB468,0
38904,48,3690,20,BT549,1
36314,46,60699,52,BT549,0
11683,43,441203,85,BT549,1
3385,16,2123,3,BT549,0
644241,92,2478,7,BT549,0
3367,15,135401907,191,BT549,0
5360373,108,451668,88,BT549,1
6442177,110,32874,45,BT549,1
4212,25,11626560,137,BT549,0
6239,39,9703,42,BT549,1
57340686,181,11373846,130,MDAMB468,0
6450551,112,216326,77,BT549,1
400633,83,3685,19,BT549,0
3081361,103,2187,5,BT549,1
9927978,120,2478,7,BT549,0
104842,62,6239,39,BT549,1
3081361,103,5935,37,BT549,0
9956119,121,23652660,150,MDAMB468,0
3367,15,176871,74,BT549,0
11626560,137,2187,5,BT549,0
5394,31,3657,18,BT549,0
5790,35,5394,31,BT549,0
38904,48,2141,4,BT549,0
6445540,111,176871,74,BT549,0
4211,24,29327,44,BT549,0
3385,16,5360373,108,BT549,1
10127622,122,49867930,171,KPL1,1
24776445,153,176871,74,BT549,1
457193,91,6442177,110,BT549,0
24776445,153,40926,49,BT549,1
23725625,151,86661883,186,BT549,1
2733525,97,104842,62,BT549,1
132971,66,400633,83,BT549,0
11626560,137,3690,20,BT549,1
6239,39,2907,13,BT549,0
123631,64,5453,33,BT549,0
3081361,103,24197464,152,BT549,1
24776445,153,3685,19,HS578T,0
23725625,151,6918289,113,KPL1,0
3081361,103,148121,67,BT549,1
11683,43,3685,19,BT549,1
6252,40,57469,50,BT549,0
356653,81,387447,82,BT549,0
6450551,112,444795,86,BT549,1
123608,63,3690,20,BT549,0
24776445,153,42611257,163,BT549,1
2733525,97,5394,31,BT549,1
163659,72,667490,93,BT549,0
3081361,103,6442177,110,ZR751,0
51039095,172,24978538,156,KPL1,1
68740,57,451668,88,BT549,0
2662,9,3657,18,BT549,0
24776445,153,11683,43,BT549,1
6194,38,2141,4,BT549,0
5790,35,2141,4,BT549,1
9927978,120,123608,63,BT549,0
6194,38,5311,30,BT549,1
5035,28,38904,48,BT549,1
9854073,115,5360373,108,BT549,1
36314,46,451668,88,BT549,1
5935,37,29327,44,BT549,1
16659841,143,24856436,154,KPL1,1
5453,33,54611422,174,BT549,0
3902,21,387447,82,BT549,0
4842,27,2907,13,BT549,0
104842,62,451668,88,BT549,1
1805,2,3690,20,BT549,0
156422,71,9956119,121,MDAMB468,0
3081361,103,2141,4,BT549,1
6252,40,38904,48,BT549,0
62770,54,3062316,102,BT549,1
3081361,103,77082,59,BT549,1
11626560,137,3950,22,BT549,1
62770,54,96312,60,BT549,0
3081361,103,9703,42,BT549,1
104741,61,68740,57,BT549,0
457193,91,104741,61,BT549,1
354624,80,29327,44,BT549,0
6194,38,5360373,108,BT549,1
4842,27,54611422,174,BT549,0
25126798,159,40926,49,BT549,1
16659841,143,49867930,171,KPL1,1
241902,78,354624,80,BT549,0
16659841,143,148195,70,KPL1,1
6450551,112,3657,18,BT549,1
135410875,192,249332,79,BT549,1
132971,66,163659,72,BT549,1
9826528,114,6419753,109,MDAMB468,1
5284616,104,2187,5,BT549,0
9956119,121,9858940,116,MDAMB468,0
3950,22,354624,80,BT549,0
6450551,112,454216,90,BT549,1
11626560,137,163659,72,BT549,1
5035,28,11525740,134,BT549,1
11525740,134,6450551,112,BT549,0
5035,28,444795,86,BT549,0
216239,76,2907,13,HS578T,1
49847690,169,3143,14,A549,1
452548,89,6239,39,BT549,0
24776445,153,135410875,192,BT549,1
25126798,159,5746,34,BT549,0
3081361,103,5035,28,BT549,1
354624,80,1805,2,BT549,1
2662,9,3062316,102,BT549,0
4212,25,163659,72,BT549,1
23725625,151,11167602,126,KPL1,1
17755052,149,25262792,162,BT549,1
132971,66,68740,57,BT549,1
25126798,159,6239,39,BT549,0
132971,66,454216,90,BT549,1
49847690,169,60700,53,A549,1
163659,72,5426,32,BT549,0
6194,38,54611422,174,BT549,0
400633,83,5799,36,BT549,0
163659,72,32874,45,BT549,0
56649450,178,25262792,162,BT549,1
5426,32,2141,4,BT549,1
71384,58,2733525,97,BT549,1
6450551,112,2662,9,BT549,0
126941,65,5746,34,BT549,1
3657,18,354624,80,BT549,1
24776445,153,400633,83,BT549,0
452548,89,3385,16,BT549,0
5035,28,216326,77,BT549,1
3950,22,9703,42,BT549,1
25136944,160,2907,13,BT549,0
11683,43,2708,10,BT549,0
132971,66,208908,75,BT549,1
454216,90,77082,59,BT549,1
25126798,159,3385,16,BT549,0
24776445,153,135398738,190,BT549,0
11525740,134,5426,32,BT549,1
2708,10,40926,49,BT549,0
1805,2,9703,42,BT549,0
3367,15,40926,49,BT549,1
3902,21,444795,86,BT549,0
56649450,178,16654980,142,BT549,0
2723601,96,6239,39,BT549,1
5035,28,77082,59,BT549,1
1546,0,148124,68,BT549,0
4212,25,135398738,190,BT549,0
4212,25,104842,62,BT549,1
163659,72,5284616,104,BT549,1
123631,64,104842,62,BT549,1
11683,43,2187,5,BT549,0
354624,80,3685,19,BT549,1
36462,47,38904,48,BT549,0
62770,54,2907,13,BT549,0
2478,7,2141,4,BT549,0
16659841,143,2733526,98,KPL1,1
24776445,153,356653,81,BT549,0
5035,28,148124,68,BT549,0
4212,25,2578,8,BT549,0
3062316,102,441203,85,BT549,0
3081361,103,3902,21,BT549,1
60198,51,38904,48,BT549,0
9927978,120,163659,72,BT549,1
135410875,192,36314,46,BT549,0
5035,28,6450551,112,BT549,1
60198,51,36462,47,BT549,1
11683,43,356653,81,BT549,0
1546,0,5799,36,BT549,0
5799,36,60198,51,BT549,0
11525740,134,3385,16,BT549,1
58423153,183,25262792,162,BT549,1
444795,86,644241,92,BT549,0
11525740,134,2733525,97,BT549,1
3081361,103,4842,27,BT549,1
4212,25,135401907,191,BT549,0
5799,36,57469,50,BT549,1
25136944,160,5329102,106,BT549,0
5291,29,148124,68,BT549,1
60198,51,4114,23,BT549,1
6194,38,6252,40,BT549,0
36462,47,356653,81,BT549,1
132971,66,5311,30,BT549,1
457193,91,3685,19,BT549,1
4211,24,441203,85,BT549,0
25136944,160,241902,78,BT549,1
123631,64,57469,50,BT549,1
11626560,137,6450551,112,BT549,1
2662,9,5426,32,BT549,0
123631,64,4212,25,BT549,1
4212,25,36462,47,BT549,1
3385,16,2578,8,BT549,0
148121,67,387447,82,BT549,1
62770,54,2123,3,BT549,0
216326,77,457193,91,BT549,1
23725625,151,11717001,140,KPL1,1
249332,79,3685,19,BT549,1
25126798,159,135410875,192,BT549,1
9884685,118,23652660,150,MDAMB468,1
2187,5,96312,60,BT549,0
11152667,125,11626560,137,KPL1,0
5284616,104,5360373,108,BT549,1
9927978,120,6239,39,BT549,1
644241,92,9703,42,BT549,0
77082,59,57469,50,BT549,1
5360373,108,387447,82,BT549,1
356653,81,6442177,110,BT549,0
132971,66,2187,5,BT549,0
57469,50,40926,49,BT549,0
9927978,120,216239,76,BT549,0
56599293,177,24964624,155,BT549,1
104842,62,5329102,106,BT549,0
2708,10,444795,86,BT549,0
126941,65,249332,79,BT549,0
6239,39,5746,34,BT549,1
126941,65,2733525,97,BT549,0
71384,58,104842,62,BT549,0
9884685,118,57340686,181,MDAMB468,0
25126798,159,5426,32,BT549,1
452548,89,444795,86,BT549,0
3950,22,176871,74,BT549,1
52913813,173,25262792,162,BT549,1
452548,89,60699,52,BT549,1
2662,9,9703,42,BT549,0
60699,52,387447,82,BT549,0
216239,76,4211,24,BT549,1
24776445,153,68740,57,BT549,1
25227436,161,6442177,110,KPL1,1
29327,44,176871,74,BT549,1
2723601,96,5291,29,BT549,0
11152667,125,11494412,132,KPL1,1
356653,81,5746,34,BT549,0
23725625,151,11626560,137,KPL1,1
123631,64,667490,93,BT549,0
23725625,151,148177,69,KPL1,0
6252,40,6442177,110,BT549,1
5360373,108,454216,90,BT549,1
216326,77,42611257,163,BT549,1
11525740,134,644241,92,BT549,1
2708,10,5453,33,BT549,0
5284616,104,60699,52,BT549,1
5453,33,441203,85,BT549,0
17755052,149,60700,53,A549,1
6252,40,176871,74,BT549,0
25126798,159,3902,21,BT549,1
5284616,104,5746,34,BT549,1
11626560,137,3062316,102,BT549,1
148124,68,4211,24,BT549,1
25023738,157,44462758,166,MDAMB468,1
104842,62,6445540,111,BT549,0
9854073,115,3081361,103,BT549,0
1805,2,176871,74,BT549,0
6450551,112,132971,66,BT549,0
5352062,107,5935,37,BT549,0
5394,31,216239,76,BT549,0
2123,3,163659,72,BT549,1
148124,68,148121,67,HS578T,0
123631,64,9927978,120,BT549,0
36462,47,32874,45,BT549,1
123631,64,6442177,110,KPL1,1
56599293,177,51039095,172,BT549,1
24776445,153,5284616,104,BT549,0
16659841,143,104741,61,KPL1,1
135410875,192,1546,0,BT549,1
2733525,97,5311,30,BT549,1
123608,63,2478,7,BT549,1
71384,58,3950,22,BT549,1
6450551,112,9927978,120,BT549,1
123631,64,11556711,135,KPL1,1
9826528,114,1271002,94,MDAMB468,0
6194,38,176871,74,BT549,1
36314,46,5935,37,HS578T,0
135410875,192,9927978,120,BT549,1
644241,92,5746,34,BT549,0
5935,37,2141,4,BT549,0
2123,3,1546,0,BT549,0
6450551,112,5284616,104,BT549,0
24776445,153,77082,59,BT549,1
104741,61,2187,5,BT549,0
3081361,103,71384,58,BT549,1
148121,67,2478,7,BT549,1
25136944,160,451668,88,BT549,1
5352062,107,5746,34,BT549,1
11525740,134,32874,45,HS578T,1
25136944,160,42611257,163,BT549,0
36314,46,241902,78,BT549,1
454216,90,5352062,107,BT549,0
123631,64,148121,67,BT549,1
9927978,120,400633,83,BT549,0
6252,40,6239,39,BT549,1
36462,47,40926,49,BT549,0
11626560,137,451668,88,BT549,0
3367,15,356653,81,BT549,0
24978538,156,131729795,187,A549,1
3385,16,123608,63,BT549,0
5035,28,68740,57,BT549,1
216326,77,3685,19,BT549,1
135410875,192,4211,24,BT549,0
3062316,102,2141,4,BT549,1
10127622,122,11625818,136,KPL1,0
4212,25,5935,37,BT549,0
667490,93,5426,32,BT549,0
3081361,103,2907,13,BT549,1
9956119,121,9884685,118,MDAMB468,1
2733525,97,29327,44,BT549,0
216326,77,2907,13,BT549,1
16659841,143,449459,87,KPL1,1
24776445,153,2187,5,BT549,1
25126798,159,176871,74,BT549,1
10127622,122,16750158,147,A549,1
104842,62,216239,76,BT549,0
2708,10,176871,74,BT549,1
71384,58,123608,63,BT549,1
2723601,96,356653,81,BT549,0
444795,86,104741,61,BT549,1
400633,83,2578,8,BT549,0
123631,64,60699,52,BT549,1
11488320,131,16719221,145,KPL1,1
11525740,134,9927978,120,BT549,0
62770,54,148124,68,BT549,0
454216,90,148124,68,BT549,1
104842,62,5746,34,BT549,1
36462,47,3385,16,BT549,1
16659841,143,148177,69,KPL1,0
4212,25,57469,50,BT549,0
11626560,137,176871,74,BT549,1
38904,48,29327,44,HS578T,0
16659841,143,11626560,137,KPL1,1
38904,48,2187,5,BT549,0
9854073,115,3385,16,BT549,1
216326,77,5935,37,BT549,0
5394,31,208908,75,BT549,0
11525740,134,42611257,163,BT549,1
24776445,153,5426,32,BT549,1
216326,77,2141,4,BT549,1
216326,77,249332,79,BT549,0
11152667,125,449459,87,KPL1,0
11525740,134,60699,52,BT549,0
25126798,159,77082,59,BT549,1
132971,66,2708,10,BT549,0
452548,89,457193,91,BT549,1
216326,77,135401907,191,BT549,0
49847690,169,44199317,164,A549,1
208908,75,77082,59,BT549,0
60198,51,451668,88,BT549,1
2662,9,2141,4,BT549,0
9927978,120,2733525,97,BT549,0
123631,64,24964624,155,KPL1,1
2733525,97,36314,46,BT549,1
5291,29,104741,61,BT549,0
25227436,161,49867930,171,KPL1,0
77082,59,356653,81,BT549,0
2708,10,3062316,102,BT549,1
3367,15,2578,8,BT549,1
9854073,115,5329102,106,BT549,0
3657,18,451668,88,BT549,0
11626560,137,2478,7,BT549,0
132971,66,3690,20,BT549,1
3385,16,5394,31,BT549,0
400633,83,451668,88,BT549,0
60198,51,148121,67,BT549,1
2907,13,6445540,111,BT549,0
66541,56,25126798,159,MDAMB468,0
36462,47,4114,23,BT549,0
3367,15,667490,93,BT549,0
36462,47,6194,38,BT549,1
444795,86,1805,2,BT549,0
5453,33,1805,2,BT549,1
2733525,97,32874,45,BT549,0
6194,38,2708,10,BT549,1
3367,15,2478,7,BT549,0
29327,44,3685,19,BT549,0
49847690,169,426756,84,A549,1
11525740,134,208908,75,BT549,1
3657,18,57469,50,BT549,0
354624,80,208908,75,BT549,0
5394,31,400633,83,BT549,0
11525740,134,3062316,102,BT549,1
452548,89,62770,54,BT549,0
5360373,108,441203,85,BT549,1
123631,64,454216,90,BT549,1
4212,25,249332,79,BT549,1
3902,21,40926,49,BT549,1
148121,67,451668,88,BT549,1
60198,51,6239,39,BT549,1
5035,28,2141,4,BT549,1
11683,43,135398738,190,BT549,1
1546,0,216239,76,BT549,0
25136944,160,387447,82,BT549,0
11626560,137,454216,90,BT549,0
5284616,104,104741,61,BT549,0
25126798,159,135401907,191,BT549,1
3657,18,2187,5,BT549,0
6252,40,2907,13,BT549,0
36462,47,148121,67,BT549,1
36462,47,3367,15,BT549,0
3081361,103,132971,66,BT549,1
356653,81,135401907,191,BT549,0
9854073,115,6252,40,BT549,1
38904,48,4114,23,BT549,1
148124,68,5799,36,BT549,0
3950,22,9927978,120,BT549,1
5799,36,441203,85,BT549,1
356653,81,1805,2,BT549,1
644241,92,3685,19,BT549,0
60198,51,123608,63,BT549,1
16659841,143,11717001,140,KPL1,0
216326,77,4114,23,BT549,1
6252,40,3657,18,BT549,0
57340686,181,2779853,99,MDAMB468,0
444795,86,356653,81,BT549,0
457193,91,2907,13,BT549,0
135398501,189,9826528,114,MDAMB468,1
24776445,153,163659,72,BT549,1
58423153,183,36462,47,A549,0
9956119,121,25126798,159,MDAMB468,0
5935,37,2478,7,BT549,1
148124,68,54611422,174,BT549,1
24776445,153,4114,23,BT549,1
36314,46,148124,68,HS578T,0
25126798,159,132971,66,BT549,1
56599293,177,86661883,186,BT549,1
1546,0,148121,67,BT549,0
62770,54,387447,82,BT549,0
5284616,104,57469,50,BT549,0
3081361,103,2708,10,BT549,0
73265194,185,1550874,95,HUH7,0
216326,77,2723601,96,BT549,1
135410875,192,444795,86,BT549,0
356653,81,148121,67,HS578T,0
9884685,118,66541,56,MDAMB468,0
96312,60,135401907,191,BT549,0
2733525,97,6239,39,BT549,0
3902,21,54611422,174,BT549,1
6194,38,5453,33,BT549,0
354624,80,4211,24,HS578T,0
5799,36,24197464,152,BT549,1
25136944,160,2578,8,BT549,0
2123,3,4842,27,BT549,0
11525740,134,2907,13,BT549,1
132971,66,9927978,120,BT549,0
454216,90,5746,34,BT549,0
25126798,159,1271002,94,MDAMB468,0
3902,21,1546,0,BT549,0
66541,56,9858940,116,MDAMB468,0
5284616,104,123608,63,BT549,0
60198,51,216239,76,BT549,1
6450551,112,135401907,191,BT549,1
2123,3,126941,65,BT549,0
208908,75,54611422,174,BT549,0
38904,48,5394,31,BT549,0
2723601,96,40926,49,BT549,0
36462,47,2141,4,BT549,0
444795,86,451668,88,BT549,0
6442177,110,29327,44,HS578T,1
3081361,103,241902,78,BT549,0
5352062,107,2141,4,BT549,0
9826528,114,25023738,157,MDAMB468,1
5790,35,6252,40,BT549,1
132971,66,3902,21,BT549,1
6450551,112,3902,21,BT549,1
1805,2,24197464,152,BT549,1
104741,61,2907,13,BT549,0
2187,5,387447,82,BT549,0
216326,77,3902,21,BT549,0
2662,9,5360373,108,BT549,0
451668,88,176871,74,BT549,0
4211,24,57469,50,BT549,0
356653,81,2478,7,BT549,0
356653,81,54611422,174,BT549,0
3902,21,457193,91,BT549,1
2708,10,9703,42,BT549,0
3385,16,38904,48,BT549,0
5453,33,354624,80,BT549,0
5799,36,451668,88,BT549,1
644241,92,208908,75,BT549,0
5790,35,451668,88,BT549,1
25136944,160,452548,89,BT549,0
5035,28,3657,18,BT549,1
132971,66,4114,23,BT549,1
73265194,185,2351,6,HUH7,1
104741,61,176871,74,BT549,0
49847690,169,11213558,128,A549,0
38904,48,400633,83,BT549,0
644241,92,2187,5,BT549,1
2723601,96,457193,91,BT549,1
2733525,97,9703,42,BT549,1
11626560,137,644241,92,BT549,0
60198,51,454216,90,BT549,1
2708,10,249332,79,BT549,0
6442177,110,454216,90,BT549,1
25126798,159,11525740,134,BT549,1
11525740,134,5035,28,BT549,1
4212,25,5790,35,BT549,1
2662,9,6445540,111,BT549,0
644241,92,60699,52,BT549,0
356653,81,451668,88,BT549,0
23725625,151,16681698,144,KPL1,1
5790,35,3690,20,BT549,0
2907,13,3685,19,BT549,0
16659841,143,2719,11,KPL1,1
452548,89,40926,49,BT549,0
2478,7,3685,19,BT549,0
249332,79,96312,60,BT549,0
132971,66,11525740,134,BT549,1
5035,28,96312,60,BT549,1
36462,47,241902,78,BT549,0
6252,40,354624,80,BT549,1
11525740,134,4211,24,BT549,1
4211,24,148121,67,BT549,0
2708,10,5291,29,BT549,0
2733525,97,5329102,106,BT549,0
249332,79,60699,52,BT549,0
9956119,121,11373846,130,MDAMB468,1
3657,18,9703,42,BT549,0
3081361,103,123631,64,BT549,0
6252,40,77082,59,BT549,0
135398501,189,156422,71,MDAMB468,1
3950,22,3385,16,BT549,1
5311,30,2578,8,BT549,1
71384,58,9927978,120,BT549,1
11626560,137,4114,23,BT549,1
148124,68,387447,82,HS578T,0
36462,47,5426,32,BT549,0
3062316,102,4114,23,BT549,0
5311,30,208908,75,BT549,0
9927978,120,241902,78,BT549,0
36314,46,2141,4,BT549,0
25126798,159,9703,42,BT549,1
2708,10,216239,76,BT549,0
148124,68,163659,72,BT549,1
51039095,172,11625818,136,KPL1,0
62770,54,2733525,97,BT549,0
9927978,120,667490,93,BT549,0
6252,40,5329102,106,BT549,0
24964624,155,16654980,142,BT549,1
135410875,192,457193,91,BT549,1
4212,25,148121,67,BT549,1
62770,54,1805,2,BT549,0
400633,83,54611422,174,BT549,0
3081361,103,60699,52,BT549,0
25126798,159,3685,19,BT549,0
135398738,190,9927978,120,BT549,1
60198,51,104741,61,BT549,1
36462,47,2708,10,BT549,1
667490,93,3685,19,BT549,0
3081361,103,5453,33,BT549,1
10127622,122,11167602,126,KPL1,1
2723601,96,451668,88,BT549,1
132971,66,135410875,192,BT549,1
4212,25,1805,2,BT549,0
5311,30,148121,67,BT549,1
23725625,151,449459,87,KPL1,1
36462,47,1546,0,BT549,1
135398738,190,176871,74,BT549,1
444795,86,5329102,106,BT549,0
104741,61,135401907,191,BT549,0
36314,46,5799,36,BT549,0
9854073,115,5935,37,BT549,0
5935,37,32874,45,BT549,1
3081361,103,4261,26,ZR751,1
5453,33,5352062,107,BT549,1
6194,38,2187,5,BT549,0
56655374,179,54761306,176,A549,1
11683,43,123608,63,BT549,0
9854073,115,71384,58,BT549,0
11683,43,3062316,102,BT549,1
4114,23,60699,52,BT549,0
216326,77,1805,2,BT549,1
2723601,96,2578,8,BT549,0
36462,47,249332,79,BT549,1
6239,39,176871,74,BT549,1
132971,66,24197464,152,BT549,1
3367,15,5799,36,BT549,0
25136944,160,4842,27,BT549,0
2733525,97,216239,76,BT549,0
216326,77,3062316,102,BT549,1
2733525,97,148124,68,BT549,1
3902,21,2662,9,BT549,1
3081361,103,32874,45,BT549,0
2662,9,451668,88,BT549,0
457193,91,2141,4,BT549,1
3950,22,104741,61,BT549,1
11525740,134,24776445,153,BT549,1
4212,25,5352062,107,BT549,1
3081361,103,9444,41,ZR751,0
36314,46,5352062,107,BT549,0
126941,65,6239,39,BT549,0
25227436,161,4261,26,KPL1,0
452548,89,9703,42,BT549,0
452548,89,24197464,152,BT549,0
6442177,110,68740,57,BT549,0
451668,88,2578,8,BT549,1
25227436,161,16720766,146,KPL1,1
354624,80,387447,82,BT549,0
25227436,161,11625818,136,KPL1,1
3062316,102,454216,90,BT549,0
49847690,169,54761306,176,A549,1
11683,43,5352062,107,BT549,0
36314,46,3062316,102,BT549,1
216326,77,5746,34,BT549,1
135410875,192,96312,60,BT549,0
2123,3,3690,20,BT549,0
3081361,103,11656518,138,ZR751,1
71384,58,148124,68,BT549,0
62770,54,400633,83,BT549,0
6252,40,24197464,152,BT549,1
216326,77,5394,31,BT549,1
11525740,134,132971,66,BT549,1
452548,89,68740,57,BT549,0
426756,84,54761306,176,KPL1,1
2187,5,54611422,174,BT549,0
62770,54,451668,88,BT549,1
4211,24,356653,81,BT549,0
5284616,104,5799,36,BT549,0
9854073,115,452548,89,MCF7,1
9863776,117,9826528,114,MDAMB468,1
36462,47,441203,85,BT549,0
2123,3,11626560,137,BT549,1
5394,31,5284616,104,BT549,0
208908,75,148121,67,BT549,0
6442177,110,163659,72,BT549,0
4212,25,2123,3,BT549,0
9854073,115,451668,88,BT549,1
11626560,137,60198,51,BT549,0
5935,37,5746,34,BT549,0
11152667,125,11656518,138,KPL1,1
644241,92,32874,45,BT549,0
1546,0,6239,39,BT549,0
163659,72,387447,82,BT549,0
644241,92,24197464,152,BT549,0
4842,27,40926,49,BT549,1
2187,5,176871,74,BT549,1
23725625,151,11178236,127,KPL1,1
5035,28,457193,91,BT549,0
5453,33,9703,42,BT549,0
3690,20,451668,88,BT549,0
11626560,137,123608,63,BT549,0
68740,57,77082,59,BT549,1
54761306,176,86661883,186,BT549,0
216326,77,3657,18,BT549,1
216326,77,400633,83,BT549,0
9854073,115,6445540,111,BT549,0
1805,2,5799,36,BT549,1
2123,3,667490,93,BT549,0
5453,33,104741,61,BT549,1
6450551,112,176871,74,BT549,1
6450551,112,9703,42,BT549,1
11626560,137,6252,40,BT549,0
6442177,110,2187,5,BT549,0
4211,24,6239,39,BT549,1
356653,81,241902,78,BT549,0
3902,21,354624,80,BT549,0
2187,5,3685,19,BT549,0
3385,16,3902,21,BT549,0
644241,92,6239,39,BT549,0
60198,51,441203,85,BT549,1
2123,3,2478,7,BT549,0
49847690,169,44356648,165,MCF7,1
3081361,103,3950,22,BT549,1
132971,66,441203,85,BT549,1
452548,89,5790,35,BT549,1
68740,57,4842,27,BT549,1
216326,77,241902,78,BT549,1
6450551,112,356653,81,BT549,0
36314,46,77082,59,BT549,0
24197464,152,40926,49,BT549,0
3385,16,9703,42,BT549,0
644241,92,2907,13,BT549,0
2708,10,24197464,152,BT549,0
208908,75,24197464,152,BT549,0
57469,50,176871,74,BT549,1
454216,90,441203,85,BT549,0
444795,86,32874,45,BT549,0
5453,33,4114,23,BT549,0
3062316,102,2578,8,BT549,1
56946894,180,25262792,162,KPL1,1
54611422,174,176871,74,BT549,0
10127622,122,6918289,113,KPL1,1
71384,58,3657,18,BT549,1
3385,16,5311,30,BT549,0
38904,48,148124,68,BT549,0
68740,57,32874,45,BT549,0
11626560,137,123631,64,BT549,1
9854073,115,24776445,153,BT549,0
2733525,97,356653,81,BT549,0
6450551,112,5311,30,BT549,1
216326,77,176871,74,BT549,1
123631,64,5935,37,BT549,0
9854073,115,40926,49,BT549,0
2708,10,5284616,104,BT549,0
2123,3,40926,49,BT549,0
71384,58,29327,44,BT549,0
4211,24,400633,83,BT549,0
5284616,104,148121,67,BT549,0
400633,83,3690,20,BT549,0
1550874,95,10173277,123,HUH7,0
5453,33,400633,83,BT549,0
10127622,122,17755052,149,KPL1,0
62770,54,4842,27,BT549,1
6252,40,148124,68,BT549,1
457193,91,2733525,97,BT549,1
3081361,103,135401907,191,BT549,0
2733525,97,354624,80,BT549,1
51039095,172,86661883,186,MCF7,0
104842,62,60699,52,BT549,1
216326,77,451668,88,BT549,1
123631,64,5284616,104,BT549,1
135410875,192,6194,38,BT549,1
36462,47,77082,59,BT549,0
3081361,103,3062316,102,BT549,1
216326,77,2123,3,BT549,0
5311,30,387447,82,BT549,0
6252,40,3367,15,BT549,1
6194,38,5291,29,BT549,0
9927978,120,2141,4,BT549,0
3081361,103,2733526,98,ZR751,0
16659841,143,24964624,155,KPL1,1
3657,18,3690,20,BT549,0
132971,66,6252,40,BT549,0
11152667,125,54761306,176,KPL1,1
135398738,190,5453,33,BT549,0
2708,10,387447,82,BT549,0
54761306,176,25262792,162,BT549,0
11488320,131,24964624,155,BT549,0
5746,34,40926,49,BT549,0
6450551,112,135410875,192,BT549,1
249332,79,5360373,108,BT549,0
9863776,117,57340686,181,MDAMB468,0
9703,42,176871,74,BT549,0
71384,58,5311,30,BT549,1
11525740,134,135398738,190,BT549,0
6442177,110,451668,88,BT549,1
23725625,151,24978538,156,KPL1,1
6450551,112,387447,82,BT549,0
5035,28,9703,42,BT549,0
3950,22,57469,50,BT549,1
104741,61,148124,68,BT549,1
126941,65,441203,85,BT549,0
6442177,110,104741,61,BT549,0
5935,37,60699,52,BT549,1
5291,29,148121,67,HS578T,1
24197464,152,54611422,174,BT549,1
3081361,103,6450551,112,BT549,1
4842,27,24197464,152,BT549,1
6442177,110,2578,8,BT549,1
11152667,125,49847690,169,A549,1
23725625,151,4261,26,KPL1,1
132971,66,38904,48,BT549,1
5035,28,356653,81,BT549,0
25126798,159,148121,67,BT549,1
3950,22,3657,18,BT549,0
452548,89,5291,29,BT549,0
452548,89,5453,33,BT549,0
6442177,110,2478,7,BT549,0
5746,34,441203,85,BT549,1
123631,64,11178236,127,KPL1,0
6442177,110,5360373,108,BT549,1
148124,68,5311,30,BT549,1
11626560,137,356653,81,BT549,0
132971,66,104842,62,BT549,0
249332,79,1546,0,BT549,0
356653,81,5360373,108,BT549,1
249332,79,135401907,191,BT549,0
3367,15,5291,29,BT549,0
96312,60,9703,42,BT549,0
148124,68,451668,88,BT549,1
24776445,153,104741,61,BT549,1
62770,54,5426,32,BT549,0
23725625,151,24856436,154,KPL1,1
51039095,172,449459,87,KPL1,1
3902,21,3657,18,BT549,1
216326,77,3950,22,BT549,1
6450551,112,2578,8,BT549,0
156422,71,9926586,119,MDAMB468,0
56649450,178,10127622,122,BT549,1
9854073,115,216239,76,BT549,0
5035,28,60198,51,BT549,1
2733526,98,25227436,161,KPL1,1
354624,80,2187,5,BT549,0
241902,78,3690,20,BT549,0
6450551,112,148124,68,BT549,0
60198,51,5746,34,BT549,1
16659841,143,16720766,146,KPL1,0
354624,80,40926,49,BT549,0
3081361,103,104741,61,BT549,1
132971,66,667490,93,BT549,0
51039095,172,17754438,148,KPL1,1
3081361,103,400633,83,BT549,1
3081361,103,11626560,137,BT549,1
5394,31,135401907,191,BT549,1
216326,77,387447,82,BT549,1
2708,10,96312,60,BT549,0
3081361,103,25136944,160,BT549,0
25126798,159,60699,52,BT549,0
25126798,159,11683,43,BT549,0
4212,25,444795,86,BT549,0
5291,29,5799,36,BT549,0
104741,61,32874,45,BT549,0
5311,30,3657,18,BT549,1
3902,21,68740,57,BT549,0
71384,58,6239,39,BT549,1
10127622,122,16720766,146,KPL1,0
444795,86,5360373,108,BT549,0
2187,5,9703,42,BT549,0
5284616,104,6442177,110,BT549,0
216326,77,5311,30,BT549,1
132971,66,71384,58,BT549,1
5746,34,451668,88,BT549,1
71384,58,163659,72,BT549,1
241902,78,451668,88,BT549,0
354624,80,5746,34,BT549,1
25227436,161,176167,73,KPL1,1
11707110,139,25262792,162,KPL1,1
123631,64,249332,79,BT549,1
9927978,120,2578,8,BT549,0
123608,63,135401907,191,BT549,0
1546,0,451668,88,BT549,1
5426,32,40926,49,BT549,0
5035,28,6239,39,BT549,0
25227436,161,148177,69,KPL1,1
2723601,96,6442177,110,BT549,1
5394,31,3062316,102,BT549,0
25227436,161,9444,41,KPL1,1
6194,38,1546,0,BT549,0
3685,19,32874,45,BT549,1
2723601,96,216239,76,BT549,1
4211,24,4842,27,BT549,0
2662,9,123608,63,BT549,1
16750158,147,10127622,122,KPL1,1
2733525,97,2578,8,BT549,0
25126798,159,11626560,137,BT549,1
156422,71,9884685,118,MDAMB468,1
25126798,159,4114,23,BT549,1
62770,54,11683,43,BT549,0
96312,60,3690,20,HS578T,0
354624,80,241902,78,BT549,1
71384,58,5746,34,BT549,1
24776445,153,5035,28,BT549,1
3385,16,5746,34,BT549,1
2723601,96,3685,19,BT549,0
5790,35,667490,93,BT549,0
163659,72,3685,19,BT549,1
5035,28,176871,74,BT549,1
5799,36,5360373,108,BT549,1
123631,64,49867930,171,KPL1,1
16659841,143,9444,41,KPL1,1
36314,46,126941,65,BT549,0
104842,62,2907,13,BT549,0
3081361,103,3685,19,BT549,0
123631,64,5790,35,BT549,1
2733525,97,6442177,110,BT549,0
216326,77,5329102,106,BT549,0
9884685,118,9863776,117,MDAMB468,0
9884685,118,25023738,157,MDAMB468,0
3367,15,2141,4,BT549,1
457193,91,4211,24,BT549,1
3657,18,241902,78,BT549,1
5284616,104,54611422,174,BT549,1
1546,0,4211,24,BT549,0
644241,92,216239,76,BT549,1
25136944,160,6445540,111,BT549,1
25023738,157,9926586,119,MDAMB468,1
60198,51,457193,91,BT549,1
4212,25,60699,52,BT549,1
123631,64,135398738,190,BT549,0
3081361,103,4211,24,BT549,1
354624,80,3690,20,BT549,0
163659,72,2187,5,BT549,1
135410875,192,135401907,191,BT549,0
62770,54,123608,63,BT549,0
216326,77,354624,80,BT549,0
5291,29,135401907,191,BT549,0
400633,83,2141,4,BT549,0
9854073,115,77082,59,BT549,0
457193,91,6445540,111,BT549,0
11626560,137,667490,93,BT549,0
1546,0,241902,78,BT549,1
135410875,192,1805,2,BT549,1
11488320,131,387447,82,KPL1,0
3385,16,5352062,107,BT549,1
36462,47,1805,2,BT549,1
56946894,180,24978538,156,A549,1
2478,7,4114,23,BT549,0
4212,25,457193,91,BT549,1
3657,18,126941,65,HS578T,0
71384,58,1805,2,BT549,1
4212,25,5453,33,BT549,0
3657,18,29327,44,BT549,0
123631,64,25136944,160,BT549,1
1546,0,2187,5,BT549,0
5035,28,241902,78,BT549,0
123608,63,60699,52,BT549,0
2723601,96,2478,7,BT549,0
24776445,153,36462,47,BT549,0
148121,67,4114,23,BT549,0
60198,51,2578,8,BT549,1
135398738,190,1805,2,BT549,0
11683,43,5284616,104,BT549,0
4211,24,3685,19,BT549,0
132971,66,25126798,159,BT549,1
36314,46,216239,76,BT549,1
135410875,192,6442177,110,BT549,1
4212,25,354624,80,BT549,1
9858940,116,9926586,119,MDAMB468,1
216326,77,2187,5,BT549,0
3367,15,36314,46,BT549,0
2907,13,2141,4,BT549,1
5352062,107,3657,18,BT549,0
62770,54,457193,91,BT549,1
123608,63,441203,85,BT549,0
24964624,155,52913813,173,BT549,1
25227436,161,11717001,140,KPL1,0
4842,27,441203,85,BT549,1
3902,21,454216,90,BT549,0
9854073,115,96312,60,BT549,0
36462,47,54611422,174,BT549,0
5284616,104,6239,39,BT549,1
16659841,143,5311,30,KPL1,1
216326,77,216239,76,BT549,1
5284616,104,6445540,111,BT549,0
6442177,110,6445540,111,BT549,1
452548,89,5352062,107,BT549,1
4212,25,62770,54,BT549,0
10127622,122,135330301,188,KPL1,1
2578,8,3685,19,BT549,0
4211,24,123608,63,BT549,1
249332,79,451668,88,BT549,0
208908,75,9703,42,BT549,0
5035,28,11626560,137,BT549,0
6442177,110,6239,39,BT549,0
3902,21,5352062,107,BT549,0
10184653,124,17755052,149,BT549,1
454216,90,57469,50,BT549,0
77082,59,60699,52,BT549,0
3081361,103,2719,11,ZR751,1
5453,33,5311,30,BT549,1
3902,21,123608,63,BT549,1
3690,20,57469,50,BT549,1
60198,51,9703,42,BT549,1
5453,33,4211,24,BT549,0
3081361,103,42611257,163,BT549,1
216326,77,208908,75,BT549,0
6450551,112,38904,48,BT549,1
216326,77,6445540,111,BT549,1
3385,16,6239,39,BT549,1
2187,5,1805,2,BT549,0
123631,64,40926,49,BT549,0
36462,47,2662,9,BT549,0
11626560,137,104741,61,BT549,1
400633,83,123608,63,BT549,1
38904,48,77082,59,BT549,0
5035,28,135401907,191,BT549,0
60198,51,208908,75,BT549,1
216326,77,5426,32,BT549,1
24776445,153,62770,54,BT549,1
71384,58,36462,47,BT549,1
148124,68,3657,18,BT549,1
3081361,103,60198,51,BT549,0
3902,21,4114,23,BT549,1
135410875,192,451668,88,BT549,1
60198,51,4211,24,BT549,1
5284616,104,104842,62,BT549,0
6450551,112,77082,59,BT549,1
444795,86,5311,30,BT549,0
38904,48,441203,85,BT549,0
9926586,119,11373846,130,MDAMB468,1
3081361,103,40926,49,BT549,1
11683,43,5790,35,BT549,0
11683,43,2141,4,BT549,0
4212,25,32874,45,BT549,1
126941,65,54611422,174,BT549,0
132971,66,3685,19,HS578T,0
10127622,122,49867926,170,KPL1,0
23725625,151,11656518,138,KPL1,1
5291,29,24197464,152,BT549,0
451668,88,32874,45,BT549,0
3367,15,5360373,108,BT549,1
25227436,161,16681698,144,KPL1,0
454216,90,3690,20,BT549,0
2187,5,29327,44,HS578T,0
123631,64,1805,2,BT549,1
5453,33,6442177,110,BT549,0
25126798,159,644241,92,BT549,1
4211,24,2141,4,BT549,1
23725625,151,9444,41,KPL1,0
6442177,110,208908,75,BT549,1
6450551,112,2708,10,BT549,0
9927978,120,4114,23,BT549,0
9854073,115,25136944,160,BT549,1
5291,29,36314,46,BT549,0
454216,90,667490,93,BT549,0
104741,61,25227436,161,KPL1,1
5426,32,29327,44,BT549,0
3081361,103,24856436,154,ZR751,1
249332,79,356653,81,BT549,0
132971,66,5426,32,BT549,1
444795,86,3685,19,BT549,0
126941,65,5284616,104,BT549,0
123631,64,16720766,146,KPL1,0
400633,83,1805,2,BT549,0
132971,66,9854073,115,BT549,0
104842,62,123608,63,BT549,0
1805,2,5746,34,BT549,1
25136944,160,3950,22,BT549,0
3950,22,5311,30,BT549,1
135401907,191,29327,44,BT549,0
135398738,190,5311,30,BT549,1
36314,46,454216,90,BT549,0
96312,60,104741,61,BT549,1
135401907,191,6445540,111,BT549,0
25023738,157,25126798,159,MDAMB468,0
241902,78,454216,90,BT549,1
51039095,172,11167602,126,KPL1,1
1546,0,354624,80,BT549,1
1805,2,2141,4,BT549,0
2123,3,148124,68,BT549,0
6194,38,2478,7,BT549,0
444795,86,3657,18,BT549,0
6194,38,5790,35,BT549,0
40926,49,24197464,152,BT549,0
135410875,192,208908,75,BT549,0
132971,66,148121,67,BT549,1
3081361,103,163659,72,BT549,1
457193,91,249332,79,BT549,0
1546,0,5329102,106,BT549,0
51039095,172,16681698,144,KPL1,1
135398501,189,9956119,121,MDAMB468,1
132971,66,3385,16,BT549,1
6252,40,216239,76,BT549,0
2723601,96,5935,37,BT549,0
25136944,160,454216,90,BT549,1
216326,77,6239,39,BT549,1
5311,30,441203,85,BT549,0
452548,89,135398738,190,BT549,0
5352062,107,441203,85,BT549,0
24776445,153,5360373,108,BT549,0
457193,91,6252,40,BT549,1
51039095,172,11955716,141,KPL1,1
23725625,151,25262792,162,BT549,1
3902,21,5284616,104,BT549,0
454216,90,123608,63,HS578T,0
135410875,192,2708,10,BT549,1
163659,72,216239,76,BT549,0
132971,66,4211,24,BT549,1
24964624,155,25227436,161,BT549,1
2708,10,5790,35,BT549,0
132971,66,3950,22,BT549,1
216326,77,5352062,107,BT549,1
3062316,102,208908,75,BT549,1
29327,44,2141,4,BT549,1
9703,42,24197464,152,BT549,0
2662,9,36314,46,BT549,1
241902,78,135401907,191,BT549,1
132971,66,176871,74,BT549,1
60198,51,3385,16,BT549,0
9854073,115,2662,9,BT549,0
25023738,157,1271002,94,MDAMB468,0
49847690,169,17755052,149,HCC1187,0
11525740,134,77082,59,BT549,1
60198,51,135410875,192,BT549,1
2662,9,148124,68,BT549,1
3902,21,5360373,108,BT549,0
11488320,131,11520894,133,KPL1,1
132971,66,457193,91,HS578T,1
24776445,153,11525740,134,BT549,1
5394,31,667490,93,BT549,0
25136944,160,457193,91,BT549,1
54761306,176,51039095,172,BT549,0
3950,22,3367,15,BT549,0
24776445,153,241902,78,BT549,0
60699,52,441203,85,BT549,1
132971,66,5035,28,BT549,1
4212,25,126941,65,BT549,0
3081361,103,3690,20,BT549,1
36462,47,5746,34,BT549,1
96312,60,5311,30,BT549,0
60198,51,176871,74,BT549,1
452548,89,6252,40,BT549,1
4842,27,451668,88,BT549,1
3950,22,4842,27,BT549,1
24776445,153,5746,34,BT549,0
71384,58,96312,60,BT549,1
11626560,137,68740,57,BT549,1
36462,47,9927978,120,BT549,1
457193,91,148124,68,BT549,1
2478,7,6239,39,BT549,1
2723601,96,5394,31,BT549,0
2907,13,451668,88,BT549,1
5311,30,126941,65,BT549,0
5311,30,29327,44,HS578T,0
11525740,134,6445540,111,BT549,0
148124,68,6442177,110,BT549,1
60198,51,5291,29,BT549,1
135398738,190,2187,5,BT549,0
11152667,125,16719221,145,KPL1,1
2708,10,241902,78,BT549,0
11683,43,104741,61,BT549,0
249332,79,5284616,104,BT549,1
11525740,134,5291,29,BT549,1
241902,78,60699,52,BT549,0
51039095,172,135330301,188,KPL1,1
25126798,159,3950,22,BT549,1
104741,61,24964624,155,KPL1,1
5790,35,354624,80,BT549,0
71384,58,3385,16,BT549,1
400633,83,354624,80,BT549,0
11626560,137,5426,32,BT549,1
29327,44,9703,42,HS578T,1
241902,78,2141,4,BT549,0
249332,79,163659,72,BT549,0
5284616,104,176871,74,BT549,1
249332,79,2141,4,BT549,0
148124,68,1805,2,BT549,1
24776445,153,2141,4,BT549,0
454216,90,4211,24,UO31,0
25227436,161,16719221,145,KPL1,1
58423153,183,86661883,186,BT549,1
11683,43,9927978,120,BT549,0
135398738,190,4114,23,BT549,0
24776445,153,25126798,159,BT549,1
2733525,97,451668,88,BT549,0
6445540,111,387447,82,BT549,0
123631,64,9444,41,KPL1,1
249332,79,667490,93,BT549,0
11488320,131,2719,11,KPL1,1
457193,91,3367,15,BT549,1
3950,22,2723601,96,BT549,1
5453,33,135401907,191,BT549,1
5453,33,24197464,152,BT549,1
62770,54,68740,57,BT549,0
2733525,97,3657,18,BT549,1
135398501,189,1271002,94,MDAMB468,0
163659,72,644241,92,BT549,0
25126798,159,451668,88,BT549,0
11626560,137,5453,33,BT549,0
2733525,97,57469,50,BT549,0
6450551,112,6239,39,BT549,1
11626560,137,6239,39,BT549,1
5426,32,176871,74,BT549,1
58423153,183,10127622,122,BT549,1
36314,46,3685,19,BT549,1
11488320,131,17755052,149,BT549,0
457193,91,2478,7,BT549,0
123608,63,176871,74,BT549,0
24776445,153,2733525,97,BT549,1
17755052,149,10127622,122,BT549,1
25227436,161,135330301,188,KPL1,1
452548,89,5284616,104,BT549,1
11525740,134,25136944,160,BT549,0
36314,46,176871,74,BT549,0
24776445,153,2662,9,BT549,1
24964624,155,25262792,162,BT549,1
9826528,114,9858940,116,MDAMB468,0
25136944,160,11626560,137,BT549,0
132971,66,3657,18,BT549,1
16659841,143,25033539,158,KPL1,1
241902,78,2478,7,BT549,1
6450551,112,36314,46,BT549,0
9854073,115,36314,46,BT549,1
23725625,151,51039095,172,BT549,1
9927978,120,457193,91,BT549,1
6450551,112,5426,32,BT549,1
6450551,112,4211,24,BT549,1
3950,22,126941,65,BT549,0
25126798,159,6442177,110,BT549,0
11525740,134,3081361,103,BT549,1
3902,21,3062316,102,BT549,0
6194,38,148121,67,BT549,0
62770,54,9703,42,BT549,0
3081361,103,249332,79,BT549,0
2478,7,60699,52,BT549,0
3657,18,2907,13,BT549,0
6450551,112,36462,47,BT549,0
1546,0,400633,83,BT549,0
123631,64,2733526,98,KPL1,1
16659841,143,11520894,133,KPL1,0
9826528,114,46215815,168,MDAMB468,1
11626560,137,400633,83,BT549,1
68740,57,135401907,191,BT549,0
2708,10,208908,75,BT549,0
16654980,142,10127622,122,BT549,1
25227436,161,56946894,180,A549,1
2708,10,6239,39,BT549,0
457193,91,5453,33,BT549,1
104842,62,68740,57,BT549,0
25126798,159,208908,75,BT549,1
11488320,131,25227436,161,BT549,0
216326,77,71384,58,BT549,1
5799,36,5035,28,BT549,0
132971,66,2662,9,BT549,1
6194,38,2123,3,BT549,0
452548,89,3062316,102,BT549,1
38904,48,454216,90,BT549,0
11525740,134,444795,86,BT549,1
163659,72,126941,65,BT549,0
5453,33,176871,74,BT549,0
60198,51,135401907,191,BT549,0
6252,40,6445540,111,BT549,0
123631,64,356653,81,BT549,1
452548,89,6442177,110,BT549,1
9854073,115,5746,34,BT549,0
9927978,120,387447,82,BT549,0
60198,51,249332,79,BT549,0
5453,33,387447,82,BT549,0
11525740,134,104741,61,BT549,1
51039095,172,6442177,110,KPL1,1
4211,24,5426,32,BT549,1
25126798,159,5935,37,BT549,0
9927978,120,5291,29,BT549,0
2723601,96,163659,72,BT549,1
2123,3,3367,15,BT549,0
1805,2,2187,5,BT549,1
104842,62,2141,4,BT549,1
11626560,137,216326,77,BT549,1
241902,78,4842,27,BT549,0
2123,3,54611422,174,BT549,0
216326,77,2478,7,BT549,1
5790,35,135401907,191,BT549,0
9854073,115,11626560,137,BT549,0
444795,86,6442177,110,BT549,0
6252,40,1805,2,BT549,0
36314,46,5746,34,BT549,1
216326,77,36462,47,BT549,1
5360373,108,216239,76,BT549,0
6419753,109,1271002,94,MDAMB468,0
5352062,107,29327,44,BT549,0
135398738,190,5935,37,BT549,0
5291,29,4842,27,BT549,0
1546,0,454216,90,BT549,0
5035,28,6194,38,BT549,0
1805,2,5311,30,BT549,1
6194,38,57469,50,BT549,1
11626560,137,38904,48,BT549,1
2123,3,457193,91,BT549,1
163659,72,176871,74,BT549,0
25126798,159,387447,82,BT549,0
5284616,104,208908,75,BT549,1
71384,58,1546,0,BT549,0
6194,38,1805,2,BT549,1
5284616,104,2141,4,BT549,1
9927978,120,5311,30,BT549,0
135398738,190,2123,3,BT549,0
135410875,192,216239,76,BT549,1
25136944,160,135401907,191,BT549,0
51039095,172,11626560,137,KPL1,1
96312,60,387447,82,HS578T,0
62770,54,5360373,108,BT549,0
96312,60,354624,80,BT549,0
6252,40,4211,24,BT549,0
11683,43,5360373,108,BT549,0
6450551,112,3950,22,BT549,1
77082,59,104741,61,BT549,1
6442177,110,77082,59,BT549,0
24776445,153,6239,39,BT549,1
148124,68,135401907,191,BT549,1
11626560,137,71384,58,BT549,0
249332,79,4842,27,BT549,1
135398738,190,42611257,163,BT549,1
9927978,120,176871,74,BT549,1
5799,36,163659,72,BT549,1
2708,10,2141,4,BT549,0
9884685,118,6419753,109,MDAMB468,1
104842,62,126941,65,BT549,0
5746,34,6445540,111,BT549,0
400633,83,104842,62,BT549,0
5360373,108,2578,8,BT549,0
354624,80,4842,27,BT549,1
644241,92,4114,23,BT549,0
6252,40,451668,88,BT549,1
25136944,160,3062316,102,BT549,1
11683,43,2578,8,BT549,1
452548,89,3950,22,BT549,0
11525740,134,25126798,159,BT549,1
132971,66,25136944,160,BT549,0
1546,0,5291,29,BT549,0
3950,22,216239,76,BT549,1
132971,66,6450551,112,BT549,1
58423153,183,25227436,161,BT549,1
77082,59,9703,42,BT549,0
163659,72,454216,90,BT549,0
10127622,122,387447,82,KPL1,0
135410875,192,356653,81,BT549,0
123631,64,5360373,108,BT549,1
16750158,147,11707110,139,KPL1,1
25126798,159,104741,61,BT549,1
2123,3,2723601,96,BT549,0
241902,78,5935,37,BT549,1
123631,64,4842,27,BT549,1
400633,83,5311,30,BT549,0
148124,68,3685,19,BT549,1
86661883,186,10127622,122,BT549,1
1546,0,5746,34,BT549,1
457193,91,77082,59,BT549,0
2907,13,40926,49,BT549,0
2187,5,6445540,111,BT549,0
11525740,134,123608,63,BT549,0
5035,28,4211,24,BT549,1
135398501,189,23652660,150,MDAMB468,1
11683,43,148121,67,BT549,0
29327,44,3690,20,BT549,1
3081361,103,5329102,106,BT549,1
25227436,161,11178236,127,KPL1,0
4212,25,667490,93,BT549,0
9854073,115,457193,91,BT549,1
148124,68,441203,85,BT549,1
2662,9,135401907,191,BT549,0
667490,93,57469,50,BT549,1
3081361,103,5394,31,BT549,0
132971,66,644241,92,BT549,0
25023738,157,11373846,130,MDAMB468,1
452548,89,77082,59,BT549,0
5746,34,24197464,152,BT549,0
444795,86,241902,78,BT549,1
123631,64,11625818,136,KPL1,1
4212,25,96312,60,BT549,0
2187,5,148121,67,BT549,0
5790,35,40926,49,BT549,0
452548,89,356653,81,BT549,1
40926,49,60699,52,BT549,0
208908,75,2478,7,BT549,1
667490,93,400633,83,BT549,0
3081361,103,216326,77,BT549,1
11626560,137,148121,67,BT549,0
216326,77,62770,54,BT549,1
3081361,103,451668,88,BT549,0
3902,21,38904,48,BT549,1
444795,86,5284616,104,BT549,0
6442177,110,667490,93,BT549,0
104842,62,5311,30,BT549,0
51039095,172,16659841,143,MCF7,1
148124,68,2478,7,BT549,1
135398738,190,241902,78,BT549,0
9927978,120,104842,62,BT549,0
444795,86,5935,37,BT549,0
11626560,137,40926,49,BT549,1
4212,25,5284616,104,BT549,1
66541,56,57340686,181,MDAMB468,0
3081361,103,5311,30,BT549,1
62770,54,5746,34,BT549,1
25136944,160,1546,0,BT549,0
71384,58,4114,23,BT549,1
38904,48,5935,37,BT549,0
11683,43,644241,92,BT549,0
1546,0,1805,2,BT549,1
24776445,153,5790,35,BT549,0
123631,64,451668,88,BT549,1
24776445,153,457193,91,BT549,1
667490,93,5935,37,BT549,0
2578,8,54611422,174,BT549,0
36462,47,6239,39,BT549,1
24776445,153,4211,24,BT549,1
2723601,96,60699,52,BT549,0
38904,48,5311,30,BT549,1
2123,3,3902,21,BT549,0
11152667,125,24856436,154,KPL1,1
6450551,112,3062316,102,BT549,1
4212,25,5746,34,BT549,1
241902,78,96312,60,BT549,0
9927978,120,38904,48,BT549,0
60198,51,2907,13,BT549,0
135410875,192,135398738,190,BT549,0
6239,39,5426,32,BT549,1
5352062,107,2578,8,BT549,0
5799,36,2907,13,BT549,0
9854073,115,126941,65,BT549,0
5035,28,25136944,160,BT549,0
3367,15,60699,52,BT549,1
3081361,103,9927978,120,BT549,0
23725625,151,16720766,146,KPL1,1
216326,77,5453,33,BT549,1
3385,16,2907,13,BT549,0
25126798,159,4211,24,BT549,1
3902,21,77082,59,BT549,1
208908,75,3685,19,BT549,0
9854073,115,6194,38,BT549,0
3081361,103,449459,87,ZR751,0
452548,89,2708,10,BT549,0
356653,81,104842,62,BT549,1
2907,13,176871,74,BT549,1
29327,44,5746,34,BT549,0
11683,43,4114,23,BT549,0
5035,28,123631,64,BT549,1
163659,72,6445540,111,BT549,1
6450551,112,123631,64,BT549,1
62770,54,54611422,174,BT549,0
24776445,153,3950,22,BT549,0
66541,56,23652660,150,MDAMB468,0
123631,64,148177,69,KPL1,0
216326,77,96312,60,BT549,1
5311,30,135401907,191,BT549,0
3081361,103,11494412,132,ZR751,0
457193,91,441203,85,BT549,1
11488320,131,11494412,132,KPL1,0
36462,47,104842,62,BT549,0
132971,66,1546,0,BT549,0
60198,51,4842,27,BT549,1
11525740,134,38904,48,BT549,1
6252,40,5360373,108,BT549,1
444795,86,40926,49,BT549,1
452548,89,387447,82,BT549,1
3081361,103,454216,90,BT549,1
5352062,107,135401907,191,BT549,0
5935,37,6239,39,BT549,0
123631,64,24978538,156,KPL1,0
3081361,103,444795,86,BT549,0
24776445,153,6450551,112,BT549,1
2723601,96,5746,34,BT549,1
9927978,120,135401907,191,BT549,0
5035,28,4114,23,BT549,1
5311,30,5329102,106,BT549,0
25227436,161,2719,11,KPL1,0
11707110,139,17755052,149,KPL1,1
126941,65,6252,40,BT549,0
2733525,97,2187,5,BT549,1
3081361,103,354624,80,BT549,0
2733525,97,1805,2,BT549,0
24197464,152,2578,8,BT549,1
3902,21,644241,92,BT549,1
5790,35,148121,67,BT549,1
132971,66,9703,42,BT549,1
2733525,97,208908,75,BT549,0
36462,47,6252,40,BT549,1
11683,43,6252,40,BT549,0
2187,5,5352062,107,BT549,0
148124,68,32874,45,BT549,1
4212,25,4114,23,BT549,0
11626560,137,3385,16,BT549,0
356653,81,441203,85,BT549,0
216239,76,241902,78,HS578T,1
58423153,183,51039095,172,BT549,1
3902,21,60699,52,BT549,0
10127622,122,24978538,156,KPL1,0
3062316,102,3685,19,BT549,1
25126798,159,68740,57,BT549,1
2662,9,667490,93,BT549,0
25136944,160,176871,74,BT549,0
5453,33,40926,49,BT549,1
5352062,107,5799,36,BT549,1
6442177,110,57469,50,BT549,1
4211,24,354624,80,BT549,0
60198,51,5426,32,BT549,1
56946894,180,3461,17,A549,0
452548,89,123608,63,BT549,0
36462,47,2578,8,BT549,0
354624,80,148121,67,BT549,1
60198,51,6445540,111,BT549,1
25126798,159,5329102,106,BT549,1
16659841,143,135330301,188,KPL1,0
216326,77,54611422,174,BT549,0
4114,23,176871,74,BT549,0
11488320,131,11625818,136,KPL1,0
51039095,172,11707110,139,KPL1,0
457193,91,5311,30,BT549,1
132971,66,24776445,153,BT549,1
6194,38,3062316,102,BT549,1
62770,54,5394,31,BT549,0
5035,28,32874,45,BT549,1
9854073,115,4212,25,MCF7,1
24776445,153,3062316,102,BT549,1
5790,35,356653,81,BT549,0
58423153,183,52913813,173,BT549,1
3902,21,4211,24,BT549,0
11488320,131,6918289,113,KPL1,1
71384,58,9703,42,BT549,1
11488320,131,25033539,158,KPL1,0
36462,47,3690,20,BT549,0
4211,24,135401907,191,BT549,1
3461,17,54761306,176,KPL1,1
24776445,153,216326,77,BT549,1
2662,9,6442177,110,BT549,0
241902,78,5746,34,BT549,1
249332,79,2733525,97,BT549,0
5035,28,3685,19,BT549,0
10127622,122,11556711,135,KPL1,0
51039095,172,16719221,145,KPL1,1
452548,89,148121,67,BT549,1
452548,89,104842,62,BT549,1
400633,83,4842,27,HS578T,0
6194,38,2578,8,BT549,0
62770,54,163659,72,HS578T,1
356653,81,176871,74,BT549,0
356653,81,454216,90,BT549,0
6252,40,3690,20,BT549,0
2187,5,4114,23,BT549,0
208908,75,2187,5,BT549,0
5799,36,62770,54,BT549,1
9927978,120,5935,37,BT549,0
3902,21,24197464,152,BT549,0
2723601,96,249332,79,BT549,0
452548,89,96312,60,BT549,0
96312,60,176871,74,BT549,1
354624,80,441203,85,BT549,1
60198,51,11626560,137,BT549,1
2123,3,57469,50,BT549,0
5311,30,241902,78,BT549,1
3385,16,5935,37,BT549,0
123631,64,11683,43,BT549,0
3367,15,3657,18,BT549,0
135398501,189,9884685,118,MDAMB468,1
3690,20,6445540,111,BT549,0
2708,10,3690,20,BT549,0
25126798,159,126941,65,BT549,0
36462,47,457193,91,BT549,1
11525740,134,96312,60,BT549,1
11683,43,4842,27,BT549,1
11683,43,3690,20,BT549,0
126941,65,5935,37,BT549,0
163659,72,2141,4,BT549,0
23652660,150,11373846,130,MDAMB468,1
2123,3,5360373,108,BT549,0
36462,47,6445540,111,BT549,1
5453,33,451668,88,BT549,1
444795,86,54611422,174,BT549,1
9854073,115,132971,66,BT549,0
36314,46,163659,72,BT549,0
11683,43,457193,91,HS578T,1
135401907,191,3690,20,BT549,1
135401907,191,451668,88,BT549,0
2733525,97,2907,13,BT549,0
51039095,172,17755052,149,BT549,1
10127622,122,11717001,140,KPL1,1
123631,64,3062316,102,BT549,1
216326,77,3385,16,BT549,1
354624,80,54611422,174,BT549,1
1546,0,3690,20,BT549,0
3950,22,5394,31,BT549,1
56946894,180,25227436,161,KPL1,1
9927978,120,5746,34,BT549,1
11488320,131,49867926,170,KPL1,1
241902,78,356653,81,BT549,0
123631,64,216239,76,BT549,1
60198,51,3902,21,BT549,1
135401907,191,4114,23,BT549,0
2187,5,40926,49,BT549,0
135410875,192,126941,65,BT549,1
216326,77,148121,67,BT549,0
5291,29,96312,60,BT549,0
60198,51,644241,92,BT549,1
66541,56,25023738,157,MDAMB468,0
457193,91,1805,2,BT549,1
216326,77,3690,20,BT549,1
5035,28,24776445,153,BT549,1
57469,50,3685,19,BT549,0
6194,38,163659,72,BT549,1
216326,77,2662,9,BT549,1
38904,48,241902,78,BT549,1
1805,2,3685,19,BT549,1
9826528,114,57340686,181,MDAMB468,1
9826528,114,11373846,130,MDAMB468,1
241902,78,40926,49,BT549,1
25136944,160,71384,58,BT549,0
457193,91,5799,36,BT549,1
2723601,96,444795,86,BT549,0
25227436,161,11494412,132,KPL1,1
249332,79,2187,5,BT549,0
104741,61,60699,52,BT549,0
3385,16,6445540,111,BT549,0
3385,16,163659,72,HS578T,1
135398738,190,163659,72,BT549,1
3385,16,104741,61,BT549,0
3062316,102,451668,88,BT549,1
148124,68,176871,74,BT549,1
5035,28,667490,93,BT549,0
5352062,107,126941,65,BT549,0
3385,16,354624,80,BT549,0
104741,61,2478,7,BT549,1
644241,92,4211,24,BT549,0
3385,16,2141,4,BT549,0
2708,10,5426,32,BT549,0
25136944,160,163659,72,BT549,1
51039095,172,148177,69,KPL1,1
29327,44,451668,88,BT549,1
163659,72,3657,18,BT549,0
71384,58,5935,37,BT549,0
3657,18,4842,27,BT549,1
148124,68,5329102,106,BT549,1
9826528,114,44462758,166,MDAMB468,1
123631,64,2187,5,BT549,1
25126798,159,163659,72,BT549,1
3950,22,457193,91,BT549,1
249332,79,6442177,110,BT549,1
5352062,107,104842,62,BT549,0
6194,38,6442177,110,BT549,1
2708,10,42611257,163,BT549,0
163659,72,29327,44,BT549,1
148121,67,4842,27,BT549,1
49847690,169,10127622,122,HCC1187,1
216326,77,6252,40,BT549,0
11525740,134,400633,83,BT549,1
6194,38,5394,31,BT549,0
249332,79,3367,15,BT549,0
5453,33,249332,79,BT549,0
2733525,97,2141,4,BT549,0
354624,80,9703,42,BT549,0
135410875,192,36462,47,BT549,1
71384,58,77082,59,BT549,1
5284616,104,451668,88,BT549,1
25136944,160,5352062,107,BT549,1
444795,86,5799,36,BT549,0
216326,77,57469,50,BT549,1
241902,78,2187,5,BT549,1
36462,47,163659,72,BT549,1
40926,49,2578,8,BT549,1
24964624,155,56649450,178,BT549,1
2733525,97,60699,52,BT549,0
6450551,112,2141,4,BT549,1
2123,3,68740,57,BT549,0
51039095,172,11656518,138,KPL1,1
5935,37,9703,42,BT549,0
5311,30,6445540,111,BT549,0
6450551,112,4114,23,BT549,1
216326,77,4211,24,BT549,1
135410875,192,3385,16,BT549,1
132971,66,5935,37,BT549,1
123631,64,6252,40,BT549,1
3950,22,451668,88,BT549,1
5394,31,2141,4,BT549,1
4212,25,3685,19,BT549,0
24776445,153,132971,66,BT549,1
2723601,96,68740,57,BT549,0
9854073,115,5284616,104,BT549,1
5284616,104,1805,2,BT549,0
71384,58,249332,79,BT549,1
444795,86,176871,74,BT549,0
457193,91,163659,72,BT549,1
71384,58,4842,27,BT549,1
3062316,102,29327,44,HS578T,1
2187,5,644241,92,BT549,0
3950,22,5426,32,BT549,0
9826528,114,9926586,119,MDAMB468,1
23725625,151,52913813,173,BT549,1
354624,80,148124,68,BT549,1
5935,37,57469,50,BT549,0
4212,25,6442177,110,BT549,1
10127622,122,5311,30,KPL1,1
4842,27,387447,82,BT549,0
5360373,108,667490,93,BT549,1
454216,90,1805,2,BT549,1
5352062,107,68740,57,BT549,0
5284616,104,68740,57,BT549,0
241902,78,667490,93,BT549,0
3081361,103,24964624,155,ZR751,1
3081361,103,4114,23,BT549,1
71384,58,5453,33,BT549,0
3081361,103,452548,89,BT549,0
4211,24,24197464,152,BT549,0
96312,60,148121,67,BT549,0
208908,75,123608,63,BT549,1
216326,77,60699,52,BT549,1
104842,62,3685,19,BT549,1
11626560,137,5352062,107,BT549,0
29327,44,2907,13,BT549,0
11152667,125,25033539,158,KPL1,0
135398738,190,5790,35,BT549,0
5035,28,2733525,97,BT549,0
3690,20,2578,8,BT549,0
5799,36,2123,3,BT549,0
62770,54,11626560,137,BT549,0
6442177,110,25262792,162,KPL1,1
25227436,161,17754438,148,KPL1,0
216326,77,2733525,97,BT549,1
36314,46,2578,8,BT549,0
135410875,192,176871,74,BT549,0
135398738,190,24197464,152,BT549,0
216326,77,356653,81,BT549,1
11525740,134,9703,42,BT549,0
3385,16,11626560,137,BT549,0
36314,46,148121,67,BT549,0
5311,30,667490,93,BT549,0
5453,33,6239,39,BT549,1
457193,91,400633,83,BT549,0
241902,78,29327,44,BT549,0
3657,18,644241,92,BT549,0
3385,16,4211,24,BT549,0
644241,92,241902,78,BT549,1
86661883,186,25262792,162,BT549,0
135398501,189,9926586,119,MDAMB468,1
148124,68,208908,75,BT549,1
3081361,103,2733525,97,BT549,1
135398501,189,11373846,130,MDAMB468,0
3081361,103,457193,91,BT549,1
16659841,143,387447,82,KPL1,1
5035,28,4842,27,BT549,1
5453,33,104842,62,BT549,1
4842,27,5746,34,BT549,0
3950,22,6239,39,BT549,1
25227436,161,45375953,167,KPL1,1
249332,79,3657,18,BT549,1
6450551,112,441203,85,BT549,1
241902,78,5284616,104,BT549,0
11525740,134,4114,23,BT549,1
644241,92,451668,88,BT549,0
2662,9,4842,27,BT549,0
6252,40,5746,34,BT549,1
123631,64,457193,91,BT549,1
249332,79,4114,23,BT549,0
3902,21,126941,65,BT549,1
9863776,117,156422,71,MDAMB468,0
96312,60,2187,5,BT549,1
71384,58,2123,3,BT549,1
57519543,182,10127622,122,BT549,1
9854073,115,354624,80,BT549,0
25227436,161,24978538,156,KPL1,1
11152667,125,2719,11,KPL1,0
68740,57,148121,67,BT549,1
216326,77,5360373,108,BT549,1
11683,43,42611257,163,BT549,1
1546,0,5284616,104,BT549,0
216326,77,2708,10,BT549,0
11626560,137,9927978,120,BT549,0
9854073,115,454216,90,BT549,1
1805,2,387447,82,BT549,0
216326,77,40926,49,BT549,1
71384,58,441203,85,BT549,1
11488320,131,24978538,156,KPL1,1
3902,21,135401907,191,BT549,1
249332,79,1805,2,BT549,1
135398738,190,5394,31,BT549,0
11683,43,5394,31,BT549,1
444795,86,96312,60,BT549,0
51039095,172,16720766,146,KPL1,0
36462,47,57469,50,BT549,0
208908,75,29327,44,BT549,0
5394,31,104741,61,BT549,0
11488320,131,148177,69,KPL1,1
2907,13,3690,20,BT549,1
249332,79,54611422,174,BT549,1
71384,58,354624,80,BT549,0
6450551,112,40926,49,BT549,1
38904,48,57469,50,BT549,1
11683,43,1546,0,BT549,0
6252,40,249332,79,BT549,0
25136944,160,77082,59,BT549,0
452548,89,5394,31,BT549,0
56946894,180,17755052,149,KPL1,1
5790,35,249332,79,BT549,0
123631,64,104741,61,BT549,0
123631,64,3690,20,BT549,0
135398738,190,104842,62,BT549,0
6194,38,451668,88,BT549,1
5352062,107,104741,61,BT549,0
135401907,191,54611422,174,BT549,0
457193,91,5394,31,BT549,0
208908,75,2141,4,BT549,0
25126798,159,457193,91,BT549,1
9927978,120,5352062,107,BT549,0
135410875,192,3367,15,BT549,0
132971,66,216326,77,BT549,1
11683,43,9703,42,BT549,0
216326,77,126941,65,BT549,0
36462,47,62770,54,BT549,1
5352062,107,5426,32,BT549,0
123608,63,57469,50,BT549,0
25126798,159,123631,64,BT549,0
4211,24,176871,74,BT549,1
6445540,111,32874,45,BT549,0
123631,64,11717001,140,KPL1,1
11525740,134,126941,65,BT549,0
3950,22,32874,45,BT549,0
123631,64,36462,47,BT549,1
3385,16,6442177,110,BT549,1
68740,57,441203,85,BT549,0
38904,48,208908,75,BT549,0
24776445,153,5311,30,BT549,1
132971,66,126941,65,BT549,0
354624,80,6442177,110,BT549,0
60198,51,9927978,120,BT549,0
126941,65,387447,82,BT549,0
2662,9,4114,23,BT549,0
1271002,94,11373846,130,MDAMB468,0
9854073,115,5790,35,BT549,0
11683,43,4211,24,BT549,0
51039095,172,25033539,158,KPL1,1
58423153,183,17755052,149,BT549,1
11488320,131,11717001,140,KPL1,1
51039095,172,25227436,161,BT549,1
11525740,134,216239,76,BT549,1
454216,90,148121,67,BT549,0
2123,3,104842,62,BT549,0
9854073,115,123631,64,BT549,1
1805,2,451668,88,BT549,1
60198,51,3062316,102,BT549,0
23725625,151,11556711,135,KPL1,1
5352062,107,3690,20,BT549,0
11626560,137,54611422,174,BT549,0
71384,58,2141,4,BT549,1
36462,47,454216,90,BT549,0
5799,36,2187,5,BT549,1
216326,77,441203,85,BT549,1
444795,86,4842,27,BT549,0
2123,3,241902,78,BT549,0
5453,33,57469,50,BT549,1
25126798,159,454216,90,BT549,1
16659841,143,11556711,135,KPL1,1
6450551,112,42611257,163,BT549,0
51039095,172,58423153,183,MCF7,1
25136944,160,148121,67,BT549,1
5035,28,5453,33,BT549,1
1805,2,57469,50,BT549,1
2478,7,451668,88,BT549,1
25126798,159,5284616,104,BT549,0
9854073,115,135410875,192,BT549,1
5935,37,135401907,191,BT549,0
3950,22,2187,5,BT549,1
135398738,190,9703,42,BT549,1
123631,64,11167602,126,KPL1,1
23725625,151,2719,11,KPL1,0
5394,31,5426,32,BT549,1
11152667,125,24964624,155,KPL1,0
2123,3,96312,60,BT549,0
60198,51,62770,54,BT549,1
6450551,112,11525740,134,BT549,1
3081361,103,16719221,145,ZR751,1
4212,25,6445540,111,BT549,1
62770,54,148121,67,BT549,1
11488320,131,17754438,148,KPL1,1
68740,57,4114,23,BT549,1
5035,28,441203,85,BT549,0
5352062,107,24197464,152,BT549,0
11525740,134,11683,43,BT549,1
6252,40,2187,5,BT549,1
123631,64,56655374,179,A549,0
71384,58,2708,10,BT549,1
71384,58,4211,24,BT549,1
148124,68,68740,57,BT549,1
216326,77,135410875,192,BT549,1
1546,0,68740,57,BT549,0
11683,43,3902,21,BT549,0
9927978,120,96312,60,BT549,1
11152667,125,16720766,146,KPL1,1
11152667,125,5311,30,KPL1,0
11626560,137,132971,66,BT549,1
3385,16,5284616,104,BT549,1
5453,33,148121,67,BT549,0
25136944,160,3367,15,BT549,0
3367,15,5746,34,BT549,0
60198,51,2708,10,BT549,0
3902,21,356653,81,BT549,0
36314,46,104741,61,BT549,0
11525740,134,457193,91,BT549,1
354624,80,24197464,152,BT549,1
60198,51,2733525,97,BT549,1
36314,46,6442177,110,BT549,1
241902,78,644241,92,BT549,1
51039095,172,11556711,135,KPL1,1
5426,32,2907,13,BT549,1
6194,38,249332,79,BT549,1
9854073,115,2187,5,BT549,0
24776445,153,6445540,111,BT549,1
123631,64,449459,87,KPL1,1
9826528,114,25126798,159,MDAMB468,0
451668,88,2141,4,BT549,1
5291,29,2187,5,BT549,0
156422,71,25023738,157,MDAMB468,0
5284616,104,126941,65,BT549,0
3081361,103,49867930,171,ZR751,1
11525740,134,176871,74,BT549,1
2708,10,6442177,110,BT549,1
249332,79,241902,78,BT549,0
11683,43,135401907,191,BT549,0
11152667,125,104741,61,KPL1,1
451668,88,441203,85,BT549,1
6239,39,451668,88,BT549,1
3081361,103,6445540,111,BT549,1
452548,89,4114,23,BT549,0
163659,72,4114,23,BT549,0
60699,52,3685,19,BT549,1
457193,91,644241,92,BT549,1
5426,32,60699,52,BT549,0
2708,10,104741,61,BT549,0
57340686,181,25023738,157,MDAMB468,1
3367,15,454216,90,BT549,0
6252,40,208908,75,BT549,0
5311,30,451668,88,BT549,0
5790,35,29327,44,BT549,0
148121,67,135401907,191,BT549,1
11626560,137,5035,28,BT549,1
11152667,125,45375953,167,KPL1,0
5311,30,4842,27,BT549,0
11488320,131,11707110,139,KPL1,0
1805,2,60699,52,BT549,1
68740,57,9703,42,BT549,0
25227436,161,17755052,149,BT549,1
135410875,192,71384,58,BT549,1
11626560,137,42611257,163,BT549,1
60198,51,5453,33,BT549,1
25136944,160,6442177,110,BT549,1
24776445,153,11626560,137,BT549,1
5284616,104,148124,68,BT549,1
3950,22,5746,34,BT549,1
241902,78,2907,13,BT549,0
457193,91,36314,46,BT549,1
23725625,151,56946894,180,A549,0
5035,28,3690,20,BT549,0
216326,77,6194,38,BT549,0
156422,71,2779853,99,MDAMB468,0
3950,22,2708,10,BT549,1
10127622,122,11520894,133,KPL1,0
25126798,159,2662,9,BT549,1
249332,79,3690,20,BT549,0
6252,40,135401907,191,BT549,0
62770,54,2478,7,HS578T,0
60198,51,24197464,152,BT549,0
5394,31,40926,49,BT549,1
60198,51,5311,30,BT549,1
5035,28,2578,8,BT549,1
135410875,192,148121,67,BT549,1
5284616,104,241902,78,BT549,0
57519543,182,86661883,186,BT549,1
444795,86,454216,90,BT549,0
11525740,134,3657,18,BT549,0
5352062,107,4114,23,BT549,0
2708,10,5360373,108,BT549,0
249332,79,57469,50,BT549,0
24776445,153,135401907,191,BT549,0
9854073,115,60198,51,BT549,1
5035,28,29327,44,BT549,0
104741,61,96312,60,BT549,1
454216,90,32874,45,BT549,0
25126798,159,3367,15,BT549,0
457193,91,1546,0,BT549,0
38904,48,176871,74,BT549,1
3902,21,2733525,97,BT549,0
5035,28,644241,92,BT549,0
644241,92,135401907,191,BT549,0
3081361,103,135410875,192,BT549,1
3367,15,2907,13,BT549,0
51039095,172,56649450,178,BT549,1
354624,80,104741,61,BT549,1
3367,15,208908,75,BT549,0
3657,18,24197464,152,BT549,1
23725625,151,11955716,141,KPL1,1
241902,78,68740,57,BT549,1
36314,46,29327,44,BT549,1
60198,51,241902,78,BT549,0
3081361,103,1805,2,BT549,0
2723601,96,1805,2,BT549,0
135410875,192,123608,63,BT549,0
25136944,160,441203,85,BT549,0
5453,33,36314,46,BT549,1
9927978,120,60699,52,BT549,0
23725625,151,10127622,122,BT549,1
3950,22,60699,52,BT549,0
249332,79,2478,7,BT549,1
5790,35,5291,29,BT549,0
25227436,161,5311,30,KPL1,1
135398738,190,441203,85,BT549,1
132971,66,5329102,106,BT549,1
4212,25,24197464,152,BT549,0
6252,40,5352062,107,BT549,1
3902,21,249332,79,BT549,0
1550874,95,3033832,101,HUH7,1
4211,24,5284616,104,BT549,0
3081361,103,25126798,159,BT549,1
132971,66,123631,64,BT549,0
25227436,161,11707110,139,KPL1,1
11626560,137,2662,9,BT549,1
354624,80,2907,13,BT549,1
2123,3,42611257,163,BT549,0
38904,48,54611422,174,BT549,0
4212,25,2662,9,BT549,0
16659841,143,17754438,148,KPL1,0
96312,60,356653,81,BT549,0
11683,43,3367,15,BT549,0
457193,91,444795,86,BT549,1
2708,10,163659,72,BT549,1
9703,42,4114,23,BT549,0
4211,24,2907,13,BT549,0
2733525,97,77082,59,BT549,1
2662,9,3690,20,BT549,1
126941,65,4842,27,BT549,1
9927978,120,2723601,96,BT549,0
148124,68,5360373,108,BT549,1
457193,91,135401907,191,BT549,0
3902,21,104741,61,BT549,1
60198,51,3367,15,BT549,0
216326,77,454216,90,BT549,1
667490,93,9703,42,BT549,0
6450551,112,3690,20,BT549,1
5426,32,4114,23,BT549,1
444795,86,354624,80,BT549,0
25126798,159,6450551,112,BT549,0
96312,60,5329102,106,BT549,0
2708,10,5746,34,BT549,1
38904,48,104842,62,BT549,0
135398738,190,457193,91,BT549,1
23725625,151,5311,30,KPL1,1
3902,21,2187,5,BT549,1
11327430,129,36462,47,A549,1
60198,51,1805,2,BT549,1
16659841,143,11656518,138,KPL1,0
6442177,110,387447,82,BT549,1
2187,5,354624,80,BT549,1
452548,89,2733525,97,BT549,0
5284616,104,3685,19,BT549,1
11525740,134,148121,67,BT549,0
354624,80,5360373,108,BT549,1
452548,89,5360373,108,BT549,0
457193,91,60699,52,MCF7,0
452548,89,1805,2,BT549,1
96312,60,68740,57,BT549,1
3657,18,6239,39,BT549,0
104741,61,25262792,162,KPL1,1
5035,28,2662,9,BT549,1
3902,21,2478,7,BT549,1
9854073,115,1546,0,BT549,1
3657,18,176871,74,BT549,1
49847690,169,5311497,105,A549,1
23725625,151,16719221,145,KPL1,1
23725625,151,104741,61,KPL1,1
4211,24,9703,42,BT549,0
6194,38,216239,76,BT549,0
5394,31,5329102,106,BT549,0
132971,66,3062316,102,BT549,1
6450551,112,3367,15,BT549,0
5394,31,454216,90,BT549,0
16659841,143,11955716,141,KPL1,1
216326,77,77082,59,BT549,0
2187,5,5426,32,BT549,0
135401907,191,5426,32,BT549,1
132971,66,5284616,104,BT549,0
24197464,152,3690,20,BT549,0
3081361,103,3657,18,BT549,1
57469,50,2578,8,BT549,0
2662,9,356653,81,BT549,0
5311,30,104741,61,BT549,0
9854073,115,104741,61,BT549,0
4212,25,6252,40,BT549,1
68591670,184,10127622,122,A549,1
5453,33,2187,5,BT549,1
25227436,161,56649450,178,BT549,1
2123,3,387447,82,BT549,0
454216,90,68740,57,HS578T,1
10184653,124,25262792,162,BT549,0
3950,22,400633,83,BT549,0
77082,59,2578,8,BT549,1
5746,34,387447,82,BT549,0
6252,40,5291,29,BT549,0
5311,30,2907,13,BT549,0
24776445,153,4212,25,BT549,0
3062316,102,6239,39,BT549,1
4842,27,9703,42,BT549,0
2478,7,9703,42,BT549,1
36314,46,135401907,191,BT549,0
11683,43,444795,86,BT549,1
11626560,137,5284616,104,BT549,0
9703,42,2141,4,BT549,1
10184653,124,25227436,161,BT549,0
123631,64,49867926,170,KPL1,1
6450551,112,2478,7,BT549,0
36462,47,36314,46,BT549,0
10184653,124,24964624,155,BT549,1
11525740,134,2187,5,BT549,1
1805,2,5426,32,BT549,0
3950,22,38904,48,BT549,0
2733525,97,96312,60,BT549,1
148124,68,5746,34,BT549,1
60699,52,2578,8,BT549,1
96312,60,4211,24,BT549,0
123631,64,5329102,106,BT549,0
6252,40,441203,85,BT549,1
24776445,153,208908,75,BT549,1
132971,66,62770,54,BT549,0
9854073,115,135401907,191,BT549,0
54761306,176,17755052,149,BT549,0
6450551,112,5790,35,BT549,0
163659,72,9703,42,BT549,0
24776445,153,3902,21,BT549,1
249332,79,387447,82,BT549,0
5352062,107,2187,5,BT549,0
24776445,153,3690,20,BT549,1
3367,15,5935,37,BT549,0
3385,16,457193,91,HS578T,1
36314,46,123608,63,HS578T,0
60198,51,163659,72,BT549,1
123631,64,62770,54,BT549,1
2123,3,32874,45,BT549,0
10127622,122,9444,41,KPL1,1
11525740,134,3902,21,BT549,1
123631,64,1546,0,BT549,1
3081361,103,38904,48,BT549,1
148121,67,57469,50,BT549,0
216239,76,387447,82,BT549,0
123631,64,42611257,163,BT549,0
11152667,125,4261,26,KPL1,1
11626560,137,25126798,159,BT549,0
68740,57,2907,13,BT549,0
25227436,161,49867926,170,KPL1,0
6450551,112,6194,38,BT549,1
163659,72,241902,78,BT549,1
6194,38,2723601,96,BT549,1
11488320,131,10127622,122,BT549,1
1546,0,444795,86,BT549,0
4842,27,4114,23,BT549,0
216326,77,38904,48,BT549,1
241902,78,4114,23,BT549,0
2187,5,2907,13,BT549,1
3367,15,4842,27,BT549,1
36462,47,135401907,191,BT549,0
57519543,182,25227436,161,BT549,1
5291,29,6445540,111,BT549,0
3950,22,241902,78,BT549,0
444795,86,216239,76,BT549,1
6194,38,4842,27,BT549,1
11683,43,2123,3,BT549,1
25126798,159,1805,2,BT549,0
216326,77,452548,89,BT549,0
6239,39,4114,23,BT549,1
123631,64,2719,11,KPL1,1
2733525,97,241902,78,BT549,1
644241,92,148124,68,BT549,1
5453,33,5291,29,BT549,0
3657,18,123608,63,BT549,1
10127622,122,2733526,98,KPL1,0
249332,79,441203,85,BT549,0
9703,42,451668,88,BT549,1
11525740,134,68740,57,BT549,1
5790,35,176871,74,BT549,0
96312,60,241902,78,BT549,1
2187,5,4842,27,BT549,0
5935,37,441203,85,BT549,1
216239,76,40926,49,BT549,0
2662,9,2578,8,BT549,0
454216,90,451668,88,BT549,0
123631,64,56946894,180,A549,0
156422,71,66541,56,MDAMB468,0
356653,81,2578,8,BT549,0
3950,22,444795,86,BT549,1
135398738,190,667490,93,BT549,0
2719,11,24964624,155,KPL1,1
5291,29,5329102,106,BT549,0
454216,90,60699,52,BT549,0
2733525,97,3690,20,BT549,1
4212,25,6239,39,BT549,1
249332,79,6239,39,BT549,1
2351,6,63009,55,HUH7,1
644241,92,123608,63,BT549,0
71384,58,68740,57,BT549,0
387447,82,3685,19,BT549,1
454216,90,5311,30,BT549,1
5352062,107,123608,63,BT549,0
354624,80,3062316,102,BT549,0
148124,68,104842,62,BT549,1
11626560,137,11525740,134,BT549,1
457193,91,5360373,108,BT549,1
96312,60,2478,7,BT549,1
457193,91,29327,44,BT549,0
71384,58,3062316,102,BT549,0
457193,91,6239,39,BT549,0
135398738,190,5291,29,BT549,0
5291,29,163659,72,BT549,0
452548,89,3902,21,BT549,0
68740,57,5426,32,HS578T,1
3062316,102,163659,72,BT549,0
71384,58,176871,74,BT549,1
24978538,156,36462,47,A549,1
452548,89,42611257,163,BT549,0
123631,64,135410875,192,BT549,1
454216,90,5799,36,BT549,0
11683,43,32874,45,BT549,1
4212,25,3385,16,BT549,1
3081361,103,11525740,134,BT549,1
123631,64,17754438,148,KPL1,1
6450551,112,68740,57,BT549,1
24978538,156,5311497,105,A549,1
25136944,160,3685,19,BT549,0
3902,21,5311,30,BT549,0
60198,51,40926,49,BT549,1
4212,25,5291,29,BT549,0
3081361,103,148177,69,ZR751,1
5035,28,452548,89,BT549,0
51039095,172,148195,70,KPL1,1
6194,38,68740,57,BT549,0
16659841,143,11625818,136,KPL1,1
2123,3,135401907,191,BT549,1
123608,63,40926,49,BT549,0
11626560,137,135410875,192,BT549,1
354624,80,5935,37,BT549,1
9826528,114,2779853,99,MDAMB468,0
126941,65,1546,0,BT549,0
3950,22,2733525,97,BT549,1
3385,16,5291,29,BT549,0
77082,59,96312,60,BT549,1
54611422,174,3685,19,BT549,1
49847690,169,131729795,187,A549,1
3902,21,2907,13,BT549,0
38904,48,644241,92,BT549,0
11152667,125,148177,69,KPL1,0
11683,43,11626560,137,BT549,1
3081361,103,54611422,174,BT549,0
454216,90,387447,82,BT549,1
135398738,190,57469,50,BT549,0
4212,25,42611257,163,BT549,0
36314,46,2478,7,BT549,0
25136944,160,5284616,104,BT549,1
126941,65,2141,4,BT549,0
104741,61,400633,83,BT549,0
5360373,108,5935,37,BT549,1
6194,38,3657,18,BT549,0
5790,35,24197464,152,BT549,0
6442177,110,25227436,161,KPL1,1
132971,66,6239,39,BT549,1
356653,81,2907,13,BT549,0
11488320,131,86661883,186,BT549,0
3367,15,5329102,106,BT549,0
354624,80,5284616,104,BT549,0
2662,9,354624,80,BT549,0
135410875,192,4842,27,BT549,1
11525740,134,40926,49,BT549,1
5935,37,3685,19,BT549,1
5311,30,2187,5,BT549,1
68740,57,2578,8,BT549,1
25136944,160,5746,34,BT549,1
5035,28,454216,90,BT549,1
5291,29,4211,24,BT549,0
216326,77,163659,72,BT549,1
6442177,110,5799,36,BT549,0
123631,64,148124,68,BT549,1
2733525,97,40926,49,BT549,1
1550874,95,2351,6,HUH7,1
3385,16,387447,82,BT549,0
5291,29,2141,4,BT549,0
9703,42,54611422,174,BT549,1
216326,77,11683,43,BT549,1
457193,91,176871,74,BT549,0
11525740,134,1805,2,BT549,0
9854073,115,3367,15,BT549,0
